CREATE DATABASE  IF NOT EXISTS `plantzzz` /*!40100 DEFAULT CHARACTER SET utf8mb4 COLLATE utf8mb4_0900_ai_ci */ /*!80016 DEFAULT ENCRYPTION='N' */;
USE `plantzzz`;
-- MySQL dump 10.13  Distrib 8.0.30, for Win64 (x86_64)
--
-- Host: localhost    Database: plantzzz
-- ------------------------------------------------------
-- Server version	8.0.30

/*!40101 SET @OLD_CHARACTER_SET_CLIENT=@@CHARACTER_SET_CLIENT */;
/*!40101 SET @OLD_CHARACTER_SET_RESULTS=@@CHARACTER_SET_RESULTS */;
/*!40101 SET @OLD_COLLATION_CONNECTION=@@COLLATION_CONNECTION */;
/*!50503 SET NAMES utf8 */;
/*!40103 SET @OLD_TIME_ZONE=@@TIME_ZONE */;
/*!40103 SET TIME_ZONE='+00:00' */;
/*!40014 SET @OLD_UNIQUE_CHECKS=@@UNIQUE_CHECKS, UNIQUE_CHECKS=0 */;
/*!40014 SET @OLD_FOREIGN_KEY_CHECKS=@@FOREIGN_KEY_CHECKS, FOREIGN_KEY_CHECKS=0 */;
/*!40101 SET @OLD_SQL_MODE=@@SQL_MODE, SQL_MODE='NO_AUTO_VALUE_ON_ZERO' */;
/*!40111 SET @OLD_SQL_NOTES=@@SQL_NOTES, SQL_NOTES=0 */;

--
-- Table structure for table `plantimages`
--

DROP TABLE IF EXISTS `plantimages`;
/*!40101 SET @saved_cs_client     = @@character_set_client */;
/*!50503 SET character_set_client = utf8mb4 */;
CREATE TABLE `plantimages` (
  `ImageID` int NOT NULL AUTO_INCREMENT,
  `PlantID` int DEFAULT NULL,
  `ImageURL` varchar(255) NOT NULL,
  PRIMARY KEY (`ImageID`),
  KEY `PlantID` (`PlantID`),
  CONSTRAINT `plantimages_ibfk_1` FOREIGN KEY (`PlantID`) REFERENCES `plantnames` (`PlantID`) ON DELETE CASCADE
) ENGINE=InnoDB AUTO_INCREMENT=201 DEFAULT CHARSET=utf8mb4 COLLATE=utf8mb4_0900_ai_ci;
/*!40101 SET character_set_client = @saved_cs_client */;

--
-- Dumping data for table `plantimages`
--

LOCK TABLES `plantimages` WRITE;
/*!40000 ALTER TABLE `plantimages` DISABLE KEYS */;
INSERT INTO `plantimages` VALUES (1,1,'src/images/Alectryon excelsus.jpg'),(2,2,'src/images/Aucuba japonica.jpg'),(3,3,'src/images/Azara microphylla.jpg'),(4,4,'src/images/Banksia integrifolia.jpg'),(5,5,'src/images/Brachyglottis greyi.jpg'),(6,6,'src/images/Carmichaelia williamsii.jpg'),(7,7,'src/images/Carpinus betulus.jpg'),(8,8,'src/images/Celmisia sp..jpg'),(9,9,'src/images/Chionochloa flavicans.jpg'),(10,10,'src/images/Coleonema pulchrum Sunset Gold.jpg'),(11,11,'src/images/Coprosma repens.jpg'),(12,12,'src/images/Coprosma X kirkii.jpg'),(13,13,'src/images/Cornus alba.jpg'),(14,14,'src/images/Corokia X virgata Bronze King.jpg'),(15,15,'src/images/Cytisus proliferus.jpg'),(16,16,'src/images/Dianella sp. Little Rev.jpg'),(17,17,'src/images/Dodonaea viscosa Purpurea.jpg'),(18,18,'src/images/Eucalyptus viminalis.jpg'),(19,19,'src/images/Fagus sylvatica.jpg'),(20,20,'src/images/Festuca actae.jpg'),(21,21,'src/images/Griselinia littoralis.jpg'),(22,22,'src/images/Hoheria angustifolia.jpg'),(23,23,'src/images/Hoheria sexstylosa.jpg'),(24,24,'src/images/Laurus nobilis.jpg'),(25,25,'src/images/Leonohebe cupressoides.jpg'),(26,26,'src/images/Lomandra longifolia.jpg'),(27,27,'src/images/Magnolia liliflora Nigra.jpg'),(28,28,'src/images/Muehlenbeckia astonii.jpg'),(29,29,'src/images/Myoporum laetum.jpg'),(30,30,'src/images/Myosotidium hortensia.jpg'),(31,31,'src/images/Olea europaea.jpg'),(32,32,'src/images/Olearia lineata.jpg'),(33,33,'src/images/Phebalium squameum.jpg'),(34,34,'src/images/Photinia X fraseri Robusta.jpg'),(35,35,'src/images/Phormium cookianum.jpg'),(36,36,'src/images/Phormium tenax.jpg'),(37,37,'src/images/Piper excelsum.jpg'),(38,38,'src/images/Plagianthus divarivatus.jpg'),(39,39,'src/images/Platanus orientalis Digitata.jpg'),(40,40,'src/images/Polystichum vestitum.jpg'),(41,41,'src/images/Pratia (syn. Lobelia) angulata.jpg'),(42,42,'src/images/Rosmarinus officinalis.jpg'),(43,43,'src/images/Skimmia japonica.jpg'),(44,44,'src/images/Sophora prostrata.jpg'),(45,45,'src/images/Teucridium parvifolium.jpg'),(46,46,'src/images/Tilia cordata.jpg'),(47,47,'src/images/Ulmus carpinifolia Variegata.jpg'),(48,48,'src/images/Veronica speciosa.jpg'),(49,49,'src/images/Veronica topiaria.jpg'),(50,50,'src/images/Viburnum tinus.jpg'),(51,51,'src/images/Acca sellowiana.jpg'),(52,52,'src/images/Acer palmatum.jpg'),(53,53,'src/images/Aesculus hippocastanum.jpg'),(54,54,'src/images/Agave sp..jpg'),(55,55,'src/images/Anigozanthos flavidus.jpg'),(56,56,'src/images/Arbutus unedo.jpg'),(57,57,'src/images/Aristotelia serrata.jpg'),(58,58,'src/images/Asplenium oblongifolium.jpg'),(59,59,'src/images/Bergenia cordifolia.jpg'),(60,60,'src/images/Brachychiton populneus.jpg'),(61,61,'src/images/Buxus sempervirens.jpg'),(62,62,'src/images/Callistemon sp..jpg'),(63,63,'src/images/Canna X generalis.jpg'),(64,64,'src/images/Cercis canadensis Texas White.jpg'),(65,65,'src/images/Chimonanthus praecox.jpg'),(66,66,'src/images/Choisya X dewitteana Aztec Pearl.jpg'),(67,67,'src/images/Clivia sp..jpg'),(68,68,'src/images/Corylus avellana.jpg'),(69,69,'src/images/Cyclamen hederifolium.jpg'),(70,70,'src/images/Daphne bholua.jpg'),(71,71,'src/images/Daphne odora.jpg'),(72,72,'src/images/Grevillea banksii X bipinnatifida.jpg'),(73,73,'src/images/Hamamelis mollis.jpg'),(74,74,'src/images/Hydrangea quercifolia Pee Wee.jpg'),(75,75,'src/images/Knightia excelsa.jpg'),(76,76,'src/images/Lavandula X intermedia.jpg'),(77,77,'src/images/Leucadendron salignum.jpg'),(78,78,'src/images/Libertia ixioides.jpg'),(79,79,'src/images/Lomaria discolor.jpg'),(80,80,'src/images/Magnolia grandiflora Little Gem.jpg'),(81,81,'src/images/Magnolia X soulangeana.jpg'),(82,82,'src/images/Malus sp..jpg'),(83,83,'src/images/Michelia yunnanensis.jpg'),(84,84,'src/images/Nandina domestica Pygmaea.jpg'),(85,85,'src/images/Pachysandra terminalis.jpg'),(86,86,'src/images/Pieris japonica.jpg'),(87,87,'src/images/Polyspora axillaris.jpg'),(88,88,'src/images/Populus trichocarpa.jpg'),(89,89,'src/images/Protea neriifolia.jpg'),(90,90,'src/images/Prunus laurocerasus.jpg'),(91,91,'src/images/Pyrus communis.jpg'),(92,92,'src/images/Rhododendron sp..jpg'),(93,93,'src/images/Rhododendron sp..jpg'),(94,94,'src/images/Robinia pseudoacacia Lace Lady.jpg'),(95,95,'src/images/Rosa sp. Ivey Hall.jpg'),(96,96,'src/images/Salvia officinalis.jpg'),(97,97,'src/images/Santolina chamaecyparissus.jpg'),(98,98,'src/images/Sarcococca confusa.jpg'),(99,99,'src/images/Sequoia sempervirens.jpg'),(100,100,'src/images/Zantedeschia aethiopica.jpg'),(101,101,'src/images/Acer griseum.jpg'),(102,102,'src/images/Anemanthele lessoniana.jpg'),(103,103,'src/images/Arthropodium cirratum.jpg'),(104,104,'src/images/Astelia chathamica.jpg'),(105,105,'src/images/Austroderia richardii.jpg'),(106,106,'src/images/Brachyglottis monroi.jpg'),(107,107,'src/images/Brachyglottis rotundifolia.jpg'),(108,108,'src/images/Carmichaelia appressa.jpg'),(109,109,'src/images/Carmichaelia stevensonii.jpg'),(110,110,'src/images/Coprosma acerosa Hawera.jpg'),(111,111,'src/images/Cordyline australis.jpg'),(112,112,'src/images/Cornus florida.jpg'),(113,113,'src/images/Corynocarpus laevigatus.jpg'),(114,114,'src/images/Dacrydium cupressinum.jpg'),(115,115,'src/images/Dianella nigra.jpg'),(116,116,'src/images/Dicksonia squarrosa.jpg'),(117,117,'src/images/Discaria toumatou.jpg'),(118,118,'src/images/Disphyma australe.jpg'),(119,119,'src/images/Fraxinus excelsior.jpg'),(120,120,'src/images/Fuscospora cliffortioides.jpg'),(121,121,'src/images/Fuscospora fusca.jpg'),(122,122,'src/images/Ginkgo biloba.jpg'),(123,123,'src/images/Griselinia littoralis.jpg'),(124,124,'src/images/Haloregis erecta Purpurea.jpg'),(125,125,'src/images/Hoheria lyallii.jpg'),(126,126,'src/images/Kunzea ericoides.jpg'),(127,127,'src/images/Libertia peregrinans.jpg'),(128,128,'src/images/Liquidambar styraciflua.jpg'),(129,129,'src/images/Liriodendron tulipifera.jpg'),(130,130,'src/images/Lophozonia menziesii.jpg'),(131,131,'src/images/Melicytus alpinus.jpg'),(132,132,'src/images/Muehlenbeckia axillaris.jpg'),(133,133,'src/images/Olearia cheesemanii.jpg'),(134,134,'src/images/Pimelea prostrata.jpg'),(135,135,'src/images/Pittosporum crassifolium.jpg'),(136,136,'src/images/Pittosporum eugenioides.jpg'),(137,137,'src/images/Pittosporum tenuifolium.jpg'),(138,138,'src/images/Plagianthus regius.jpg'),(139,139,'src/images/Platanus x acerifolia.jpg'),(140,140,'src/images/Poa cita.jpg'),(141,141,'src/images/Prunus x yedoensis.jpg'),(142,142,'src/images/Pseudopanax crassifolius.jpg'),(143,143,'src/images/Pseudopanax ferox.jpg'),(144,144,'src/images/Quercus palustris.jpg'),(145,145,'src/images/Quercus robur.jpg'),(146,146,'src/images/Solanum laciniatum.jpg'),(147,147,'src/images/Sophora microphylla.jpg'),(148,148,'src/images/Sophora molloyi Dragons Gold.jpg'),(149,149,'src/images/Sophora tetraptera.jpg'),(150,150,'src/images/Veronica hulkeana.jpg'),(151,151,'src/images/Agathis australis.jpg'),(152,152,'src/images/Apodasmia similis.jpg'),(153,153,'src/images/Camellia japonica.jpg'),(154,154,'src/images/Camellia sasanqua.jpg'),(155,155,'src/images/Carex secta.jpg'),(156,156,'src/images/Carex testacea.jpg'),(157,157,'src/images/Carpodetus serratus.jpg'),(158,158,'src/images/Catalpa bignonioides.jpg'),(159,159,'src/images/Choisya ternata.jpg'),(160,160,'src/images/Clematis paniculata.jpg'),(161,161,'src/images/Clianthus maximus.jpg'),(162,162,'src/images/Coprosma propinqua.jpg'),(163,163,'src/images/Coprosma rugosa Lobster.jpg'),(164,164,'src/images/Cotinus coggygria.jpg'),(165,165,'src/images/Cupressus macrocarpa.jpg'),(166,166,'src/images/Cupressus sempervirens.jpg'),(167,167,'src/images/Dracophyllum sinclairii.jpg'),(168,168,'src/images/Euphorbia glauca.jpg'),(169,169,'src/images/Ficus pumila.jpg'),(170,170,'src/images/Fuchsia procumbens.jpg'),(171,171,'src/images/Fuscospora solandri.jpg'),(172,172,'src/images/Helleborus orientalis.jpg'),(173,173,'src/images/Hydrangea macrophylla.jpg'),(174,174,'src/images/Hydrangea paniculata.jpg'),(175,175,'src/images/Juncus pallidus.jpg'),(176,176,'src/images/Lophomyrtus obcordata.jpg'),(177,177,'src/images/Lophomyrtus x ralphii.jpg'),(178,178,'src/images/Melicytus ramiflorus.jpg'),(179,179,'src/images/Microleana avenacea.jpg'),(180,180,'src/images/Muehlenbeckia complexa.jpg'),(181,181,'src/images/Nepeta mussinii.jpg'),(182,182,'src/images/Pachystegia insignis.jpg'),(183,183,'src/images/Pachystegia rufa.jpg'),(184,184,'src/images/Pectinopitys ferruginea.jpg'),(185,185,'src/images/Phyllocladus alpinus.jpg'),(186,186,'src/images/Phyllocladus trichomanoides.jpg'),(187,187,'src/images/Pittosporum tenuifolium Sumo.jpg'),(188,188,'src/images/Podocarpus laetus.jpg'),(189,189,'src/images/Podocarpus nivalis.jpg'),(190,190,'src/images/Podocarpus totara.jpg'),(191,191,'src/images/Prumnopitys taxifolia.jpg'),(192,192,'src/images/Pseudopanax lessonii.jpg'),(193,193,'src/images/Pseudowintera colorata.jpg'),(194,194,'src/images/Quercus rubra.jpg'),(195,195,'src/images/Rubus cissoides.jpg'),(196,196,'src/images/Sedum spectabile Autumn Joy.jpg'),(197,197,'src/images/Sorbus aucuparia.jpg'),(198,198,'src/images/Typha orientalis.jpg'),(199,199,'src/images/Veronica odora Prostrata.jpg'),(200,200,'src/images/Wisteria sinensis.jpg');
/*!40000 ALTER TABLE `plantimages` ENABLE KEYS */;
UNLOCK TABLES;

--
-- Table structure for table `plantnames`
--

DROP TABLE IF EXISTS `plantnames`;
/*!40101 SET @saved_cs_client     = @@character_set_client */;
/*!50503 SET character_set_client = utf8mb4 */;
CREATE TABLE `plantnames` (
  `PlantID` int NOT NULL AUTO_INCREMENT,
  `LatinName` varchar(255) NOT NULL,
  `CommonName` varchar(255) NOT NULL,
  PRIMARY KEY (`PlantID`)
) ENGINE=InnoDB AUTO_INCREMENT=201 DEFAULT CHARSET=utf8mb4 COLLATE=utf8mb4_0900_ai_ci;
/*!40101 SET character_set_client = @saved_cs_client */;

--
-- Dumping data for table `plantnames`
--

LOCK TABLES `plantnames` WRITE;
/*!40000 ALTER TABLE `plantnames` DISABLE KEYS */;
INSERT INTO `plantnames` VALUES (1,'Alectryon excelsus ',' titoki'),(2,'Aucuba japonica ',' spotted or Japanese laurel'),(3,'Azara microphylla ',' vanilla tree'),(4,'Banksia integrifolia ',' coastal banksia'),(5,'Brachyglottis greyi ',' NZ daisy bush'),(6,'Carmichaelia williamsii ',' NZ giant flowering broom'),(7,'Carpinus betulus ',' European hornbeam'),(8,'Celmisia sp. ',' mountain daisy'),(9,'Chionochloa flavicans ',' miniature toetoe'),(10,'Coleonema pulchrum \'Sunset Gold\' ',' confetti bush'),(11,'Coprosma repens ',' mIrror bush or taupata'),(12,'Coprosma X kirkii ',' groundcover coprosma'),(13,'Cornus alba ',' Siberian dogwood'),(14,'Corokia X virgata \'Bronze King\' ',' bronze corokia'),(15,'Cytisus proliferus ',' tree lucerne or tagasaste'),(16,'Dianella sp. \'Little Rev\' ',' dianella'),(17,'Dodonaea viscosa \'Purpurea\' ',' akeake or hopbush'),(18,'Eucalyptus viminalis ',' manna gum'),(19,'Fagus sylvatica ',' common or English beech'),(20,'Festuca actae ',' Banks Peninsula blue tussock'),(21,'Griselinia littoralis ',' broadleaf or kapuka'),(22,'Hoheria angustifolia ',' narrow leaved lacebark'),(23,'Hoheria sexstylosa ',' lacebark or houhere'),(24,'Laurus nobilis ',' bay tree'),(25,'Leonohebe cupressoides ',' frangrant hebe'),(26,'Lomandra longifolia ',' basket grass'),(27,'Magnolia liliflora \'Nigra\' ',' deciduous magnolia'),(28,'Muehlenbeckia astonii ',' shrubby tororaro'),(29,'Myoporum laetum ',' ngaio'),(30,'Myosotidium hortensia ',' Chatham Island forget me not'),(31,'Olea europaea ',' olive tree'),(32,'Olearia lineata ',' twiggy tree daisy'),(33,'Phebalium squameum ',' satinwood'),(34,'Photinia X fraseri \'Robusta\' ',' photinia'),(35,'Phormium cookianum ',' wharariki or mountain Flax'),(36,'Phormium tenax ',' harakeke or NZ flax'),(37,'Piper excelsum ',' kawakawa'),(38,'Plagianthus divarivatus ',' swamp ribbonwood'),(39,'Platanus orientalis \'Digitata\' ',' cut leaf plane'),(40,'Polystichum vestitum ',' prickly shield fern or puniu'),(41,'Pratia (syn. Lobelia) angulata ',' panakenake'),(42,'Rosmarinus officinalis ',' rosemary'),(43,'Skimmia japonica ',' Japanese skimmia'),(44,'Sophora prostrata ',' prostrate kowhai'),(45,'Teucridium parvifolium ',' teucridium'),(46,'Tilia cordata ',' lime tree'),(47,'Ulmus carpinifolia \'Variegata\' ',' variegated elm'),(48,'Veronica speciosa  ',' large leaved hebe'),(49,'Veronica topiaria ',' topiary hebe'),(50,'Viburnum tinus ',' laurustinus'),(51,'Acca sellowiana ',' feijoa'),(52,'Acer palmatum ',' Japanese maple'),(53,'Aesculus hippocastanum ',' common horse chestnut'),(54,'Agave sp. ',' agave'),(55,'Anigozanthos flavidus ',' kangaroo paw'),(56,'Arbutus unedo ',' strawberry tree'),(57,'Aristotelia serrata ',' winberry or makomako'),(58,'Asplenium oblongifolium ',' shining spleenwort'),(59,'Bergenia cordifolia ',' heart leaf bergenia'),(60,'Brachychiton populneus ',' kurrajong or bottletree'),(61,'Buxus sempervirens ',' box hedge'),(62,'Callistemon sp. ',' bottle brush'),(63,'Canna X generalis ',' canna lily'),(64,'Cercis canadensis \'Texas White\' ',' Texas white redbud'),(65,'Chimonanthus praecox ',' wintersweet'),(66,'Choisya X dewitteana \'Aztec Pearl\' ',' Mexican orange blossom'),(67,'Clivia sp. ',' natal or bush lily'),(68,'Corylus avellana ',' common hazel'),(69,'Cyclamen hederifolium ',' ivy leaved cyclamen'),(70,'Daphne bholua ',' Nepalese paper plant'),(71,'Daphne odora ',' winter daphne'),(72,'Grevillea banksii X bipinnatifida ',' grevillea'),(73,'Hamamelis mollis ',' witch hazel'),(74,'Hydrangea quercifolia \'Pee Wee\' ',' oak leaf hydrangea'),(75,'Knightia excelsa ',' rewarewa (NZ honeysuckle)'),(76,'Lavandula X intermedia ',' hybrid lavender'),(77,'Leucadendron salignum ',' conebush'),(78,'Libertia ixioides ',' NZ iris or mikoikoi'),(79,'Lomaria discolor ',' crown fern'),(80,'Magnolia grandiflora \'Little Gem\' ',' dwarf magnolia'),(81,'Magnolia X soulangeana ',' saucer or Chinese magnolia'),(82,'Malus sp. ',' apple tree'),(83,'Michelia yunnanensis ',' evergreen michelia'),(84,'Nandina domestica ‘Pygmaea’ ',' dwarf heavenly bamboo'),(85,'Pachysandra terminalis ',' Japanese spurge'),(86,'Pieris japonica ',' lily of the valley'),(87,'Polyspora axillaris ',' fried egg plant'),(88,'Populus trichocarpa ',' black cottonwood'),(89,'Protea neriifolia ',' oleanderleaf protea'),(90,'Prunus laurocerasus ',' cherry laurel'),(91,'Pyrus communis ',' common pear'),(92,'Rhododendron sp. ',' azalea'),(93,'Rhododendron sp. ',' rhododendron'),(94,'Robinia pseudoacacia \'Lace Lady\' ',' contoured black locust'),(95,'Rosa sp. \'Ivey Hall\' ',' yellow floribunda rose'),(96,'Salvia officinalis ',' common sage'),(97,'Santolina chamaecyparissus ',' lavender cotton'),(98,'Sarcococca confusa ',' sweet box'),(99,'Sequoia sempervirens ',' redwood'),(100,'Zantedeschia aethiopica ',' arum or calla Lily'),(101,'Acer griseum ',' paperbark maple'),(102,'Anemanthele lessoniana ',' wind grass'),(103,'Arthropodium cirratum ',' rengarenga'),(104,'Astelia chathamica ',' Chatham Islands astelia'),(105,'Austroderia richardii ',' South Island toe toe'),(106,'Brachyglottis monroi ',' Monro\'s daisy'),(107,'Brachyglottis rotundifolia ',' muttonbird scrub'),(108,'Carmichaelia appressa ',' native prostrate broom'),(109,'Carmichaelia stevensonii ',' weeping broom'),(110,'Coprosma acerosa \'Hawera\' ',' Hawera sand coprosma'),(111,'Cordyline australis ',' cabbage tree'),(112,'Cornus florida ',' dogwood'),(113,'Corynocarpus laevigatus ',' karaka or NZ laurel'),(114,'Dacrydium cupressinum ',' rimu'),(115,'Dianella nigra ',' turutu'),(116,'Dicksonia squarrosa ',' wheki or rough tree fern'),(117,'Discaria toumatou ',' matagouri'),(118,'Disphyma australe ',' horokaka or native ice plant'),(119,'Fraxinus excelsior ',' European or common ash'),(120,'Fuscospora cliffortioides ',' mountain beech'),(121,'Fuscospora fusca ',' red beech'),(122,'Ginkgo biloba ',' maidenhair tree'),(123,'Griselinia littoralis ',' NZ broadleaf or kapuka'),(124,'Haloregis erecta \'Purpurea\' ',' toatoa'),(125,'Hoheria lyallii ',' mountain lacebark'),(126,'Kunzea ericoides ',' kanuka'),(127,'Libertia peregrinans ',' NZ iris'),(128,'Liquidambar styraciflua ',' American sweetgum'),(129,'Liriodendron tulipifera ',' tulip tree'),(130,'Lophozonia menziesii ',' silver beech'),(131,'Melicytus alpinus ',' porcupine scrub'),(132,'Muehlenbeckia axillaris ',' creeping muehlenbeckia'),(133,'Olearia cheesemanii ',' NZ daisy bush'),(134,'Pimelea prostrata ',' NZ daphne'),(135,'Pittosporum crassifolium ',' karo'),(136,'Pittosporum eugenioides ',' lemonwood or tarata'),(137,'Pittosporum tenuifolium ',' kohuhu or black matipo'),(138,'Plagianthus regius ',' lowland ribbonwood'),(139,'Platanus x acerifolia ',' London plane'),(140,'Poa cita ',' silver tussock'),(141,'Prunus x yedoensis ',' Yoshino cherry'),(142,'Pseudopanax crassifolius ',' lancewood'),(143,'Pseudopanax ferox ',' fierce lancewood'),(144,'Quercus palustris ',' pin oak'),(145,'Quercus robur ',' English oak'),(146,'Solanum laciniatum ',' poroporo'),(147,'Sophora microphylla ',' South Island kowhai'),(148,'Sophora molloyi \'Dragons Gold\' ',' Cook Strait kowhai'),(149,'Sophora tetraptera ',' North Island kowhai'),(150,'Veronica hulkeana ',' New Zeland lilac'),(151,'Agathis australis ',' kauri'),(152,'Apodasmia similis ',' oioi'),(153,'Camellia japonica ',' Japanese camelia'),(154,'Camellia sasanqua ',' autumn camellia'),(155,'Carex secta ',' pukio'),(156,'Carex testacea ',' orange sedge'),(157,'Carpodetus serratus ',' marble leaf or putaputaweta'),(158,'Catalpa bignonioides ',' Indian bean tree'),(159,'Choisya ternata ',' Mexican orange blossom'),(160,'Clematis paniculata ',' puawhananga'),(161,'Clianthus maximus ',' kakabeak'),(162,'Coprosma propinqua ',' mingimingi'),(163,'Coprosma rugosa \'Lobster\' ',' red coprosma'),(164,'Cotinus coggygria ',' smoke bush'),(165,'Cupressus macrocarpa ',' macrocarpa'),(166,'Cupressus sempervirens ',' Italian cypress'),(167,'Dracophyllum sinclairii ',' inaka or neinei'),(168,'Euphorbia glauca ',' shore spurge or waiuatua'),(169,'Ficus pumila ',' creeping fig'),(170,'Fuchsia procumbens ',' creeping fuchsia'),(171,'Fuscospora solandri ',' black beech'),(172,'Helleborus orientalis ',' lenten rose'),(173,'Hydrangea macrophylla ',' mophead hydrangea'),(174,'Hydrangea paniculata ',' panicled hydrangea'),(175,'Juncus pallidus ',' giant club rush'),(176,'Lophomyrtus obcordata ',' rohutu or NZ myrtle'),(177,'Lophomyrtus x ralphii ',' hybrid lophomyrtus or NZ myrtle'),(178,'Melicytus ramiflorus ',' mahoe or whiteywood'),(179,'Microleana avenacea ',' bush rice grass'),(180,'Muehlenbeckia complexa ',' small leaved pohuehue'),(181,'Nepeta mussinii ',' cat mint'),(182,'Pachystegia insignis ',' Malborough rock daisy'),(183,'Pachystegia rufa ',' Marlborough rock daisy'),(184,'Pectinopitys ferruginea ',' miro'),(185,'Phyllocladus alpinus ',' mountain toatoa or celery pine'),(186,'Phyllocladus trichomanoides ',' tenakaha'),(187,'Pittosporum tenuifolium \'Sumo\' ',' dwarf pittosporum'),(188,'Podocarpus laetus ',' mountain or Hall\'s totara'),(189,'Podocarpus nivalis ',' snow or mountain totara'),(190,'Podocarpus totara ',' totara'),(191,'Prumnopitys taxifolia ',' matai'),(192,'Pseudopanax lessonii ',' houpara'),(193,'Pseudowintera colorata ',' horopito or pepper tree'),(194,'Quercus rubra ',' red oak'),(195,'Rubus cissoides ',' bush lawyer'),(196,'Sedum spectabile \'Autumn Joy\' ',' stonecrop'),(197,'Sorbus aucuparia ',' rowan'),(198,'Typha orientalis ',' raupo or bullrush'),(199,'Veronica odora \'Prostrata\' ',' prostrate hebe'),(200,'Wisteria sinensis ',' Chinese wisteria');
/*!40000 ALTER TABLE `plantnames` ENABLE KEYS */;
UNLOCK TABLES;

--
-- Table structure for table `plants_semesters`
--

DROP TABLE IF EXISTS `plants_semesters`;
/*!40101 SET @saved_cs_client     = @@character_set_client */;
/*!50503 SET character_set_client = utf8mb4 */;
CREATE TABLE `plants_semesters` (
  `id` int NOT NULL AUTO_INCREMENT,
  `plant_id` int NOT NULL,
  `semester_id` int NOT NULL,
  PRIMARY KEY (`id`),
  KEY `plant_id` (`plant_id`),
  KEY `semester_id` (`semester_id`),
  CONSTRAINT `plants_semesters_ibfk_1` FOREIGN KEY (`plant_id`) REFERENCES `plantnames` (`PlantID`),
  CONSTRAINT `plants_semesters_ibfk_2` FOREIGN KEY (`semester_id`) REFERENCES `semesters_info` (`semester_id`)
) ENGINE=InnoDB AUTO_INCREMENT=201 DEFAULT CHARSET=utf8mb4 COLLATE=utf8mb4_0900_ai_ci;
/*!40101 SET character_set_client = @saved_cs_client */;

--
-- Dumping data for table `plants_semesters`
--

LOCK TABLES `plants_semesters` WRITE;
/*!40000 ALTER TABLE `plants_semesters` DISABLE KEYS */;
INSERT INTO `plants_semesters` VALUES (1,1,1),(2,2,1),(3,3,1),(4,4,1),(5,5,1),(6,6,1),(7,7,1),(8,8,1),(9,9,1),(10,10,1),(11,11,1),(12,12,1),(13,13,1),(14,14,1),(15,15,1),(16,16,1),(17,17,1),(18,18,1),(19,19,1),(20,20,1),(21,21,1),(22,22,1),(23,23,1),(24,24,1),(25,25,1),(26,26,1),(27,27,1),(28,28,1),(29,29,1),(30,30,1),(31,31,1),(32,32,1),(33,33,1),(34,34,1),(35,35,1),(36,36,1),(37,37,1),(38,38,1),(39,39,1),(40,40,1),(41,41,1),(42,42,1),(43,43,1),(44,44,1),(45,45,1),(46,46,1),(47,47,1),(48,48,1),(49,49,1),(50,50,1),(51,51,2),(52,52,2),(53,53,2),(54,54,2),(55,55,2),(56,56,2),(57,57,2),(58,58,2),(59,59,2),(60,60,2),(61,61,2),(62,62,2),(63,63,2),(64,64,2),(65,65,2),(66,66,2),(67,67,2),(68,68,2),(69,69,2),(70,70,2),(71,71,2),(72,72,2),(73,73,2),(74,74,2),(75,75,2),(76,76,2),(77,77,2),(78,78,2),(79,79,2),(80,80,2),(81,81,2),(82,82,2),(83,83,2),(84,84,2),(85,85,2),(86,86,2),(87,87,2),(88,88,2),(89,89,2),(90,90,2),(91,91,2),(92,92,2),(93,93,2),(94,94,2),(95,95,2),(96,96,2),(97,97,2),(98,98,2),(99,99,2),(100,100,2),(101,101,3),(102,102,3),(103,103,3),(104,104,3),(105,105,3),(106,106,3),(107,107,3),(108,108,3),(109,109,3),(110,110,3),(111,111,3),(112,112,3),(113,113,3),(114,114,3),(115,115,3),(116,116,3),(117,117,3),(118,118,3),(119,119,3),(120,120,3),(121,121,3),(122,122,3),(123,123,3),(124,124,3),(125,125,3),(126,126,3),(127,127,3),(128,128,3),(129,129,3),(130,130,3),(131,131,3),(132,132,3),(133,133,3),(134,134,3),(135,135,3),(136,136,3),(137,137,3),(138,138,3),(139,139,3),(140,140,3),(141,141,3),(142,142,3),(143,143,3),(144,144,3),(145,145,3),(146,146,3),(147,147,3),(148,148,3),(149,149,3),(150,150,3),(151,151,4),(152,152,4),(153,153,4),(154,154,4),(155,155,4),(156,156,4),(157,157,4),(158,158,4),(159,159,4),(160,160,4),(161,161,4),(162,162,4),(163,163,4),(164,164,4),(165,165,4),(166,166,4),(167,167,4),(168,168,4),(169,169,4),(170,170,4),(171,171,4),(172,172,4),(173,173,4),(174,174,4),(175,175,4),(176,176,4),(177,177,4),(178,178,4),(179,179,4),(180,180,4),(181,181,4),(182,182,4),(183,183,4),(184,184,4),(185,185,4),(186,186,4),(187,187,4),(188,188,4),(189,189,4),(190,190,4),(191,191,4),(192,192,4),(193,193,4),(194,194,4),(195,195,4),(196,196,4),(197,197,4),(198,198,4),(199,199,4),(200,200,4);
/*!40000 ALTER TABLE `plants_semesters` ENABLE KEYS */;
UNLOCK TABLES;

--
-- Table structure for table `questionoptions`
--

DROP TABLE IF EXISTS `questionoptions`;
/*!40101 SET @saved_cs_client     = @@character_set_client */;
/*!50503 SET character_set_client = utf8mb4 */;
CREATE TABLE `questionoptions` (
  `OptionID` int NOT NULL AUTO_INCREMENT,
  `QuestionID` int DEFAULT NULL,
  `OptionLabel` char(1) DEFAULT NULL,
  `OptionText` varchar(255) DEFAULT NULL,
  `IsCorrect` tinyint(1) DEFAULT '0',
  PRIMARY KEY (`OptionID`),
  KEY `QuestionID` (`QuestionID`),
  CONSTRAINT `questionoptions_ibfk_1` FOREIGN KEY (`QuestionID`) REFERENCES `questions` (`QuestionID`) ON DELETE CASCADE
) ENGINE=InnoDB AUTO_INCREMENT=801 DEFAULT CHARSET=utf8mb4 COLLATE=utf8mb4_0900_ai_ci;
/*!40101 SET character_set_client = @saved_cs_client */;

--
-- Dumping data for table `questionoptions`
--

LOCK TABLES `questionoptions` WRITE;
/*!40000 ALTER TABLE `questionoptions` DISABLE KEYS */;
INSERT INTO `questionoptions` VALUES (1,51,'A','Banksia integrifolia',0),(2,51,'B','Carpinus betulus',0),(3,51,'C','Coleonema pulchrum',0),(4,51,'D','Alectryon excelsus',1),(5,52,'A','Aucuba japonica',1),(6,52,'B','Dodonaea viscosa',0),(7,52,'C','Azara microphylla',0),(8,52,'D','Brachyglottis greyi',0),(9,53,'A','Carpinus betulus',0),(10,53,'B','Azara microphylla',1),(11,53,'C','Chionochloa flavicans',0),(12,53,'D','Dodonaea viscosa',0),(13,54,'A','Coleonema pulchrum',0),(14,54,'B','Alectryon excelsus',0),(15,54,'C','Banksia integrifolia',1),(16,54,'D','Azara microphylla',0),(17,55,'A','Dodonaea viscosa',0),(18,55,'B','Carpinus betulus',0),(19,55,'C','Aucuba japonica',0),(20,55,'D','Brachyglottis greyi',1),(21,56,'A','Carmichaelia williamsii',1),(22,56,'B','Azara microphylla',0),(23,56,'C','Banksia integrifolia',0),(24,56,'D','Coleonema pulchrum',0),(25,57,'A','Dodonaea viscosa',0),(26,57,'B','Carpinus betulus',1),(27,57,'C','Brachyglottis greyi',0),(28,57,'D','Aucuba japonica',0),(29,58,'A','Azara microphylla',0),(30,58,'B','Banksia integrifolia',0),(31,58,'C','Celmisia sp.',1),(32,58,'D','Dodonaea viscosa',0),(33,59,'A','Aucuba japonica',0),(34,59,'B','Carpinus betulus',0),(35,59,'C','Brachyglottis greyi',0),(36,59,'D','Chionochloa flavicans',1),(37,60,'A','Coleonema pulchrum',1),(38,60,'B','Carmichaelia williamsii',0),(39,60,'C','Celmisia sp.',0),(40,60,'D','Chionochloa flavicans',0),(41,61,'A','Dodonaea viscosa',0),(42,61,'B','Banksia integrifolia',0),(43,61,'C','Coprosma repens',1),(44,61,'D','Carpinus betulus',0),(45,62,'A','Celmisia sp.',0),(46,62,'B','Chionochloa flavicans',0),(47,62,'C','Coleonema pulchrum',0),(48,62,'D','Coprosma X kirkii',1),(49,63,'A','Cornus alba',1),(50,63,'B','Dodonaea viscosa',0),(51,63,'C','Carpinus betulus',0),(52,63,'D','Coprosma repens',0),(53,64,'A','Coprosma X kirkii',0),(54,64,'B','Corokia X virgata \'Bronze King\'',1),(55,64,'C','Celmisia sp.',0),(56,64,'D','Chionochloa flavicans',0),(57,65,'A','Dodonaea viscosa',0),(58,65,'B','Coprosma repens',0),(59,65,'C','Cytisus proliferus',1),(60,65,'D','Cornus alba',0),(61,66,'A','Corokia X virgata \'Bronze King\'',0),(62,66,'B','Celmisia sp.',0),(63,66,'C','Chionochloa flavicans',0),(64,66,'D','Dianella sp. \'Little Rev\'',1),(65,67,'A','Dodonaea viscosa \'Purpurea\'',1),(66,67,'B','Cytisus proliferus',0),(67,67,'C','Cornus alba',0),(68,67,'D','Coprosma X kirkii',0),(69,68,'A','Corokia X virgata \'Bronze King\'',0),(70,68,'B','Eucalyptus viminalis',1),(71,68,'C','Dianella sp. \'Little Rev\'',0),(72,68,'D','Dodonaea viscosa \'Purpurea\'',0),(73,69,'A','Dianella sp. \'Little Rev\'',0),(74,69,'B','Eucalyptus viminalis',0),(75,69,'C','Fagus sylvatica',1),(76,69,'D','Dodonaea viscosa \'Purpurea\'',0),(77,70,'A','Eucalyptus viminalis',0),(78,70,'B','Fagus sylvatica',0),(79,70,'C','Dodonaea viscosa \'Purpurea\'',0),(80,70,'D','Festuca actae',1),(81,71,'A','Griselinia littoralis',1),(82,71,'B','Fagus sylvatica',0),(83,71,'C','Dodonaea viscosa \'Purpurea\'',0),(84,71,'D','Eucalyptus viminalis',0),(85,72,'A','Hoheria angustifolia',1),(86,72,'B','Festuca actae',0),(87,72,'C','Eucalyptus viminalis',0),(88,72,'D','Fagus sylvatica',0),(89,73,'A','Festuca actae',0),(90,73,'B','Hoheria sexstylosa',1),(91,73,'C','Griselinia littoralis',0),(92,73,'D','Hoheria angustifolia',0),(93,74,'A','Hoheria sexstylosa',0),(94,74,'B','Festuca actae',0),(95,74,'C','Laurus nobilis',1),(96,74,'D','Hoheria angustifolia',0),(97,75,'A','Hoheria angustifolia',0),(98,75,'B','Griselinia littoralis',0),(99,75,'C','Festuca actae',0),(100,75,'D','Leonohebe cupressoides',1),(101,76,'A','Lomandra longifolia',1),(102,76,'B','Leonohebe cupressoides',0),(103,76,'C','Laurus nobilis',0),(104,76,'D','Hoheria sexstylosa',0),(105,77,'A','Leonohebe cupressoides',0),(106,77,'B','Magnolia liliflora \'Nigra\'',1),(107,77,'C','Lomandra longifolia',0),(108,77,'D','Laurus nobilis',0),(109,78,'A','Lomandra longifolia',0),(110,78,'B','Leonohebe cupressoides',0),(111,78,'C','Muehlenbeckia astonii',1),(112,78,'D','Magnolia liliflora \'Nigra\'',0),(113,79,'A','Magnolia liliflora \'Nigra\'',0),(114,79,'B','Lomandra longifolia',0),(115,79,'C','Leonohebe cupressoides',0),(116,79,'D','Myoporum laetum',1),(117,80,'A','Myosotidium hortensia',1),(118,80,'B','Muehlenbeckia astonii',0),(119,80,'C','Magnolia liliflora \'Nigra\'',0),(120,80,'D','Lomandra longifolia',0),(121,81,'A','Myosotidium hortensia',0),(122,81,'B','Olea europaea',1),(123,81,'C','Myoporum laetum',0),(124,81,'D','Muehlenbeckia astonii',0),(125,82,'A','Myosotidium hortensia',0),(126,82,'B','Olea europaea',0),(127,82,'C','Olearia lineata',1),(128,82,'D','Myoporum laetum',0),(129,83,'A','Phebalium squameum',1),(130,83,'B','Olearia lineata',0),(131,83,'C','Olea europaea',0),(132,83,'D','Myosotidium hortensia',0),(133,84,'A','Olearia lineata',0),(134,84,'B','Phebalium squameum',0),(135,84,'C','Olea europaea',0),(136,84,'D','Photinia X fraseri \'Robusta\'',1),(137,85,'A','Photinia X fraseri \'Robusta\'',0),(138,85,'B','Phormium cookianum',1),(139,85,'C','Phebalium squameum',0),(140,85,'D','Olearia lineata',0),(141,86,'A','Olea europaea',0),(142,86,'B','Photinia X fraseri \'Robusta\'',0),(143,86,'C','Phormium tenax',1),(144,86,'D','Phormium cookianum',0),(145,87,'A','Piper excelsum',1),(146,87,'B','Phormium tenax',0),(147,87,'C','Photinia X fraseri \'Robusta\'',0),(148,87,'D','Phormium cookianum',0),(149,88,'A','Photinia X fraseri \'Robusta\'',0),(150,88,'B','Phormium tenax',0),(151,88,'C','Piper excelsum',0),(152,88,'D','Plagianthus divaricatus',1),(153,89,'A','Phormium cookianum',0),(154,89,'B','Platanus orientalis \'Digitata\'',1),(155,89,'C','Piper excelsum',0),(156,89,'D','Plagianthus divaricatus',0),(157,90,'A','Plagianthus divaricatus',0),(158,90,'B','Platanus orientalis \'Digitata\'',0),(159,90,'C','Polystichum vestitum',1),(160,90,'D','Piper excelsum',0),(161,91,'A','Pratia angulata',1),(162,91,'B','Polystichum vestitum',0),(163,91,'C','Piper excelsum',0),(164,91,'D','Plagianthus divaricatus',0),(165,92,'A','Platanus orientalis \'Digitata\'',0),(166,92,'B','Rosmarinus officinalis',1),(167,92,'C','Pratia angulata',0),(168,92,'D','Polystichum vestitum',0),(169,93,'A','Pratia angulata',0),(170,93,'B','Rosmarinus officinalis',0),(171,93,'C','Skimmia japonica',1),(172,93,'D','Rosmarinus officinalis',0),(173,94,'A','Pratia angulata',0),(174,94,'B','Piper excelsum',0),(175,94,'C','Plagianthus divaricatus',0),(176,94,'D','Sophora prostrata',1),(177,95,'A','Teucridium parvifolium',1),(178,95,'B','Skimmia japonica',0),(179,95,'C','Sophora prostrata',0),(180,95,'D','Rosmarinus officinalis',0),(181,96,'A','Teucridium parvifolium',0),(182,96,'B','Tilia cordata',1),(183,96,'C','Teucridium parvifolium',0),(184,96,'D','Skimmia japonica',0),(185,97,'A','Sophora prostrata',0),(186,97,'B','Skimmia japonica',0),(187,97,'C','Ulmus carpinifolia \'Variegata\'',1),(188,97,'D','Tilia cordata',0),(189,98,'A','Tilia cordata',0),(190,98,'B','Teucridium parvifolium',0),(191,98,'C','Sophora prostrata',0),(192,98,'D','Veronica speciosa',1),(193,99,'A','Veronica topiaria',1),(194,99,'B','Ulmus carpinifolia \'Variegata\'',0),(195,99,'C','Tilia cordata',0),(196,99,'D','Veronica speciosa',0),(197,100,'A','Veronica topiaria',0),(198,100,'B','Viburnum tinus',1),(199,100,'C','Ulmus carpinifolia \'Variegata\'',0),(200,100,'D','Teucridium parvifolium',0),(201,251,'A','Acer palmatum',0),(202,251,'B','Acca sellowiana',1),(203,251,'C','Anigozanthos flavidus',0),(204,251,'D','Arbutus unedo',0),(205,252,'A','Acer palmatum',1),(206,252,'B','Aesculus hippocastanum',0),(207,252,'C','Agave sp.',0),(208,252,'D','Anigozanthos flavidus',0),(209,253,'A','Agave sp.',0),(210,253,'B','Anigozanthos flavidus',0),(211,253,'C','Arbutus unedo',0),(212,253,'D','Aesculus hippocastanum',1),(213,254,'A','Anigozanthos flavidus',0),(214,254,'B','Arbutus unedo',0),(215,254,'C','Agave sp.',1),(216,254,'D','Aristotelia serrata',0),(217,255,'A','Anigozanthos flavidus',1),(218,255,'B','Arbutus unedo',0),(219,255,'C','Carpinus betulus',0),(220,255,'D','Corylus avellana',0),(221,256,'A','Carpinus betulus',0),(222,256,'B','Corylus avellana',0),(223,256,'C','Dianella sp. \'Little Rev\'',0),(224,256,'D','Arbutus unedo',1),(225,257,'A','Corylus avellana',0),(226,257,'B','Aristotelia serrata',1),(227,257,'C','Dodonaea viscosa \'Purpurea\'',0),(228,257,'D','Eucalyptus viminalis',0),(229,258,'A','Dodonaea viscosa \'Purpurea\'',0),(230,258,'B','Eucalyptus viminalis',0),(231,258,'C','Asplenium oblongifolium',1),(232,258,'D','Fagus sylvatica',0),(233,259,'A','Bergenia cordifolia',1),(234,259,'B','Fagus sylvatica',0),(235,259,'C','Griselinia littoralis',0),(236,259,'D','Hedera helix',0),(237,260,'A','Griselinia littoralis',0),(238,260,'B','Brachychiton populneus',1),(239,260,'C','Hedera helix',0),(240,260,'D','Ilex aquifolium',0),(241,261,'A','Hedera helix',0),(242,261,'B','Ilex aquifolium',0),(243,261,'C','Jasminum officinale',0),(244,261,'D','Buxus sempervirens',1),(245,262,'A','Laurus nobilis',0),(246,262,'B','Callistemon sp.',1),(247,262,'C','Magnolia grandiflora',0),(248,262,'D','Nandina domestica',0),(249,263,'A','Canna X generalis',1),(250,263,'B','Olea europaea',0),(251,263,'C','Piper excelsum',0),(252,263,'D','Quercus robur',0),(253,264,'A','Piper excelsum',0),(254,264,'B','Quercus robur',0),(255,264,'C','Rosa canina',0),(256,264,'D','Cercis canadensis \'Texas White\'',1),(257,265,'A','Quercus robur',0),(258,265,'B','Chimonanthus praecox',1),(259,265,'C','Salvia officinalis',0),(260,265,'D','Tilia cordata',0),(261,266,'A','Salvia officinalis',0),(262,266,'B','Tilia cordata',0),(263,266,'C','Choisya X dewitteana \'Aztec Pearl\'',1),(264,266,'D','Ulmus minor',0),(265,267,'A','Clivia sp.',1),(266,267,'B','Ulmus minor',0),(267,267,'C','Viburnum opulus',0),(268,267,'D','Wisteria sinensis',0),(269,268,'A','Viburnum opulus',0),(270,268,'B','Wisteria sinensis',0),(271,268,'C','Xanthoceras sorbifolium',0),(272,268,'D','Corylus avellana',1),(273,269,'A','Wisteria sinensis',0),(274,269,'B','Cyclamen hederifolium',1),(275,269,'C','Xanthoceras sorbifolium',0),(276,269,'D','Zantedeschia aethiopica',0),(277,270,'A','Xanthoceras sorbifolium',0),(278,270,'B','Zantedeschia aethiopica',0),(279,270,'C','Daphne bholua',1),(280,270,'D','Corylus avellana',0),(281,271,'A','Daphne odora',1),(282,271,'B','Acer palmatum',0),(283,271,'C','Buxus sempervirens',0),(284,271,'D','Clematis paniculata',0),(285,272,'A','Buxus sempervirens',0),(286,272,'B','Clematis paniculata',0),(287,272,'C','Dianella nigra',0),(288,272,'D','Grevillea banksii X bipinnatifida',1),(289,273,'A','Clematis paniculata',0),(290,273,'B','Hamamelis mollis',1),(291,273,'C','Eucalyptus viminalis',0),(292,273,'D','Fagus sylvatica',0),(293,274,'A','Hydrangea quercifolia \'Pee Wee\'',1),(294,274,'B','Fagus sylvatica',0),(295,274,'C','Ginkgo biloba',0),(296,274,'D','Helleborus orientalis',0),(297,275,'A','Ginkgo biloba',0),(298,275,'B','Helleborus orientalis',0),(299,275,'C','Knightia excelsa',1),(300,275,'D','Ilex aquifolium',0),(301,276,'A','Helleborus orientalis',0),(302,276,'B','Ilex aquifolium',0),(303,276,'C','Juncus effusus',0),(304,276,'D','Lavandula X intermedia',1),(305,277,'A','Leucadendron salignum',1),(306,277,'B','Ilex aquifolium',0),(307,277,'C','Juncus effusus',0),(308,277,'D','Kalmia latifolia',0),(309,278,'A','Kalmia latifolia',0),(310,278,'B','Libertia ixioides',1),(311,278,'C','Lonicera periclymenum',0),(312,278,'D','Magnolia grandiflora',0),(313,279,'A','Lonicera periclymenum',0),(314,279,'B','Magnolia grandiflora',0),(315,279,'C','Lomaria discolor',1),(316,279,'D','Nandina domestica',0),(317,280,'A','Nandina domestica',0),(318,280,'B','Olearia phlogopappa',0),(319,280,'C','Pachysandra terminalis',0),(320,280,'D','Magnolia grandiflora \'Little Gem\'',1),(321,281,'A','Magnolia X soulangeana',1),(322,281,'B','Nandina domestica',0),(323,281,'C','Olearia phlogopappa',0),(324,281,'D','Pachysandra terminalis',0),(325,282,'A','Pyrus communis',0),(326,282,'B','Malus sp.',1),(327,282,'C','Prunus laurocerasus',0),(328,282,'D','Rosa sp. \'Ivey Hall\'',0),(329,283,'A','Pyrus communis',0),(330,283,'B','Rosa sp. \'Ivey Hall\'',0),(331,283,'C','Michelia yunnanensis',1),(332,283,'D','Salvia officinalis',0),(333,284,'A','Nandina domestica ‘Pygmaea’',1),(334,284,'B','Santolina chamaecyparissus',0),(335,284,'C','Sarcococca confusa',0),(336,284,'D','Sequoia sempervirens',0),(337,285,'A','Santolina chamaecyparissus',0),(338,285,'B','Sarcococca confusa',0),(339,285,'C','Sequoia sempervirens',0),(340,285,'D','Pachysandra terminalis',1),(341,286,'A','Sarcococca confusa',0),(342,286,'B','Pieris japonica',1),(343,286,'C','Sequoia sempervirens',0),(344,286,'D','Santolina chamaecyparissus',0),(345,287,'A','Sequoia sempervirens',0),(346,287,'B','Santolina chamaecyparissus',0),(347,287,'C','Polyspora axillaris',1),(348,287,'D','Pachysandra terminalis',0),(349,288,'A','Populus trichocarpa',1),(350,288,'B','Pieris japonica',0),(351,288,'C','Polyspora axillaris',0),(352,288,'D','Pachysandra terminalis',0),(353,289,'A','Pieris japonica',0),(354,289,'B','Polyspora axillaris',0),(355,289,'C','Populus trichocarpa',0),(356,289,'D','Protea neriifolia',1),(357,290,'A','Polyspora axillaris',0),(358,290,'B','Prunus laurocerasus',1),(359,290,'C','Protea neriifolia',0),(360,290,'D','Populus trichocarpa',0),(361,291,'A','Pyrus communis',1),(362,291,'B','Protea neriifolia',0),(363,291,'C','Prunus laurocerasus',0),(364,291,'D','Polyspora axillaris',0),(365,292,'A','Prunus laurocerasus',0),(366,292,'B','Pyrus communis',0),(367,292,'C','Rhododendron sp.',1),(368,292,'D','Protea neriifolia',0),(369,293,'A','Pyrus communis',0),(370,293,'B','Rhododendron sp.',1),(371,293,'C','Protea neriifolia',0),(372,293,'D','Pachysandra terminalis',0),(373,294,'A','Protea neriifolia',0),(374,294,'B','Pachysandra terminalis',0),(375,294,'C','Pyrus communis',0),(376,294,'D','Robinia pseudoacacia \'Lace Lady\'',1),(377,295,'A','Rosa sp. \'Ivey Hall\'',1),(378,295,'B','Robinia pseudoacacia \'Lace Lady\'',0),(379,295,'C','Rhododendron sp.',0),(380,295,'D','Protea neriifolia',0),(381,296,'A','Robinia pseudoacacia \'Lace Lady\'',0),(382,296,'B','Salvia officinalis',1),(383,296,'C','Rosa sp. \'Ivey Hall\'',0),(384,296,'D','Rhododendron sp.',0),(385,297,'A','Rosa sp. \'Ivey Hall\'',0),(386,297,'B','Salvia officinalis',0),(387,297,'C','Santolina chamaecyparissus',1),(388,297,'D','Robinia pseudoacacia \'Lace Lady\'',0),(389,298,'A','Salvia officinalis',0),(390,298,'B','Santolina chamaecyparissus',0),(391,298,'C','Rosa sp. \'Ivey Hall\'',0),(392,298,'D','Sarcococca confusa',1),(393,299,'A','Sequoia sempervirens',1),(394,299,'B','Santolina chamaecyparissus',0),(395,299,'C','Salvia officinalis',0),(396,299,'D','Sarcococca confusa',0),(397,300,'A','Salvia officinalis',0),(398,300,'B','Zantedeschia aethiopica',1),(399,300,'C','Sequoia sempervirens',0),(400,300,'D','Santolina chamaecyparissus',0),(401,301,'A','Acer griseum',1),(402,301,'B','Corylus avellana',0),(403,301,'C','Aesculus hippocastanum',0),(404,301,'D','Ginkgo biloba',0),(405,302,'A','Corylus avellana',0),(406,302,'B','Anemanthele lessoniana',1),(407,302,'C','Ginkgo biloba',0),(408,302,'D','Acer griseum',0),(409,303,'A','Ginkgo biloba',0),(410,303,'B','Corylus avellana',0),(411,303,'C','Arthropodium cirratum',1),(412,303,'D','Anemanthele lessoniana',0),(413,304,'A','Aesculus hippocastanum',0),(414,304,'B','Corylus avellana',0),(415,304,'C','Ginkgo biloba',0),(416,304,'D','Astelia chathamica',1),(417,305,'A','Austroderia richardii',1),(418,305,'B','Astelia chathamica',0),(419,305,'C','Arthropodium cirratum',0),(420,305,'D','Anemanthele lessoniana',0),(421,306,'A','Austroderia richardii',0),(422,306,'B','Brachyglottis monroi',1),(423,306,'C','Ginkgo biloba',0),(424,306,'D','Arthropodium cirratum',0),(425,307,'A','Astelia chathamica',0),(426,307,'B','Austroderia richardii',0),(427,307,'C','Brachyglottis rotundifolia',1),(428,307,'D','Brachyglottis monroi',0),(429,308,'A','Ginkgo biloba',0),(430,308,'B','Brachyglottis monroi',0),(431,308,'C','Astelia chathamica',0),(432,308,'D','Carmichaelia appressa',1),(433,309,'A','Carmichaelia stevensonii',1),(434,309,'B','Austroderia richardii',0),(435,309,'C','Brachyglottis rotundifolia',0),(436,309,'D','Ginkgo biloba',0),(437,310,'A','Astelia chathamica',0),(438,310,'B','Coprosma acerosa \'Hawera\'',1),(439,310,'C','Carmichaelia appressa',0),(440,310,'D','Brachyglottis monroi',0),(441,311,'A','Austroderia richardii',0),(442,311,'B','Brachyglottis rotundifolia',0),(443,311,'C','Cordyline australis',1),(444,311,'D','Coprosma acerosa \'Hawera\'',0),(445,312,'A','Carmichaelia stevensonii',0),(446,312,'B','Coprosma acerosa \'Hawera\'',0),(447,312,'C','Austroderia richardii',0),(448,312,'D','Cornus florida',1),(449,313,'A','Corynocarpus laevigatus',1),(450,313,'B','Carmichaelia stevensonii',0),(451,313,'C','Cornus florida',0),(452,313,'D','Coprosma acerosa \'Hawera\'',0),(453,314,'A','Coprosma acerosa \'Hawera\'',0),(454,314,'B','Dacrydium cupressinum',1),(455,314,'C','Corynocarpus laevigatus',0),(456,314,'D','Cornus florida',0),(457,315,'A','Corynocarpus laevigatus',0),(458,315,'B','Dacrydium cupressinum',0),(459,315,'C','Dianella nigra',1),(460,315,'D','Coprosma acerosa \'Hawera\'',0),(461,316,'A','Corynocarpus laevigatus',0),(462,316,'B','Dacrydium cupressinum',0),(463,316,'C','Dianella nigra',0),(464,316,'D','Dicksonia squarrosa',1),(465,317,'A','Discaria toumatou',1),(466,317,'B','Dianella nigra',0),(467,317,'C','Dicksonia squarrosa',0),(468,317,'D','Corynocarpus laevigatus',0),(469,318,'A','Dicksonia squarrosa',0),(470,318,'B','Disphyma australe',1),(471,318,'C','Discaria toumatou',0),(472,318,'D','Dianella nigra',0),(473,319,'A','Discaria toumatou',0),(474,319,'B','Disphyma australe',0),(475,319,'C','Fraxinus excelsior',1),(476,319,'D','Dianella nigra',0),(477,320,'A','Fraxinus excelsior',0),(478,320,'B','Disphyma australe',0),(479,320,'C','Dicksonia squarrosa',0),(480,320,'D','Fuscospora cliffortioides',1),(481,321,'A','Fuscospora fusca',1),(482,321,'B','Fraxinus excelsior',0),(483,321,'C','Fuscospora cliffortioides',0),(484,321,'D','Dianella nigra',0),(485,322,'A','Fuscospora fusca',0),(486,322,'B','Ginkgo biloba',1),(487,322,'C','Fuscospora cliffortioides',0),(488,322,'D','Fraxinus excelsior',0),(489,323,'A','Ginkgo biloba',0),(490,323,'B','Fuscospora fusca',0),(491,323,'C','Griselinia littoralis',1),(492,323,'D','Fuscospora cliffortioides',0),(493,324,'A','Griselinia littoralis',0),(494,324,'B','Ginkgo biloba',0),(495,324,'C','Fuscospora fusca',0),(496,324,'D','Haloregis erecta \'Purpurea\'',1),(497,325,'A','Hoheria lyallii',1),(498,325,'B','Haloregis erecta \'Purpurea\'',0),(499,325,'C','Ginkgo biloba',0),(500,325,'D','Griselinia littoralis',0),(501,326,'A','Hoheria lyallii',0),(502,326,'B','Kunzea ericoides',1),(503,326,'C','Haloregis erecta \'Purpurea\'',0),(504,326,'D','Griselinia littoralis',0),(505,327,'A','Hoheria lyallii',0),(506,327,'B','Kunzea ericoides',0),(507,327,'C','Libertia peregrinans',1),(508,327,'D','Haloregis erecta \'Purpurea\'',0),(509,328,'A','Kunzea ericoides',0),(510,328,'B','Libertia peregrinans',0),(511,328,'C','Hoheria lyallii',0),(512,328,'D','Liquidambar styraciflua',1),(513,329,'A','Liriodendron tulipifera',1),(514,329,'B','Liquidambar styraciflua',0),(515,329,'C','Libertia peregrinans',0),(516,329,'D','Kunzea ericoides',0),(517,330,'A','Libertia peregrinans',0),(518,330,'B','Lophozonia menziesii',1),(519,330,'C','Liriodendron tulipifera',0),(520,330,'D','Liquidambar styraciflua',0),(521,331,'A','Melicytus alpinus',1),(522,331,'B','Libertia peregrinans',0),(523,331,'C','Lophozonia menziesii',0),(524,331,'D','Liquidambar styraciflua',0),(525,332,'A','Melicytus alpinus',0),(526,332,'B','Muehlenbeckia axillaris',1),(527,332,'C','Lophozonia menziesii',0),(528,332,'D','Libertia peregrinans',0),(529,333,'A','Melicytus alpinus',0),(530,333,'B','Muehlenbeckia axillaris',0),(531,333,'C','Olearia cheesemanii',1),(532,333,'D','Lophozonia menziesii',0),(533,334,'A','Muehlenbeckia axillaris',0),(534,334,'B','Melicytus alpinus',0),(535,334,'C','Olearia cheesemanii',0),(536,334,'D','Pimelea prostrata',1),(537,335,'A','Pittosporum crassifolium',1),(538,335,'B','Pimelea prostrata',0),(539,335,'C','Muehlenbeckia axillaris',0),(540,335,'D','Melicytus alpinus',0),(541,336,'A','Pittosporum crassifolium',0),(542,336,'B','Pittosporum eugenioides',1),(543,336,'C','Pimelea prostrata',0),(544,336,'D','Olearia cheesemanii',0),(545,337,'A','Pimelea prostrata',0),(546,337,'B','Pittosporum crassifolium',0),(547,337,'C','Pittosporum tenuifolium',1),(548,337,'D','Pittosporum eugenioides',0),(549,338,'A','Pittosporum eugenioides',0),(550,338,'B','Pittosporum tenuifolium',0),(551,338,'C','Pimelea prostrata',0),(552,338,'D','Plagianthus regius',1),(553,339,'A','Platanus x acerifolia',1),(554,339,'B','Pittosporum eugenioides',0),(555,339,'C','Pimelea prostrata',0),(556,339,'D','Plagianthus regius',0),(557,340,'A','Pittosporum tenuifolium',0),(558,340,'B','Poa cita',1),(559,340,'C','Platanus x acerifolia',0),(560,340,'D','Pimelea prostrata',0),(561,341,'A','Pimelea prostrata',0),(562,341,'B','Pittosporum tenuifolium',0),(563,341,'C','Prunus x yedoensis',1),(564,341,'D','Poa cita',0),(565,342,'A','Platanus x acerifolia',0),(566,342,'B','Prunus x yedoensis',0),(567,342,'C','Poa cita',0),(568,342,'D','Pseudopanax crassifolius',1),(569,343,'A','Pseudopanax ferox',1),(570,343,'B','Pseudopanax crassifolius',0),(571,343,'C','Prunus x yedoensis',0),(572,343,'D','Platanus x acerifolia',0),(573,344,'A','Prunus x yedoensis',0),(574,344,'B','Quercus palustris',1),(575,344,'C','Pseudopanax ferox',0),(576,344,'D','Pseudopanax crassifolius',0),(577,345,'A','Quercus palustris',0),(578,345,'B','Pseudopanax crassifolius',0),(579,345,'C','Quercus robur',1),(580,345,'D','Prunus x yedoensis',0),(581,346,'A','Pseudopanax crassifolius',0),(582,346,'B','Quercus robur',0),(583,346,'C','Quercus palustris',0),(584,346,'D','Solanum laciniatum',1),(585,347,'A','Sophora microphylla',1),(586,347,'B','Solanum laciniatum',0),(587,347,'C','Quercus robur',0),(588,347,'D','Quercus palustris',0),(589,348,'A','Quercus robur',0),(590,348,'B','Sophora molloyi \'Dragons Gold\'',1),(591,348,'C','Sophora microphylla',0),(592,348,'D','Solanum laciniatum',0),(593,349,'A','Sophora molloyi \'Dragons Gold\'',0),(594,349,'B','Solanum laciniatum',0),(595,349,'C','Sophora tetraptera',1),(596,349,'D','Quercus robur',0),(597,350,'A','Quercus robur',0),(598,350,'B','Sophora molloyi \'Dragons Gold\'',0),(599,350,'C','Sophora tetraptera',0),(600,350,'D','Veronica hulkeana',1),(601,351,'A','Agathis australis',1),(602,351,'B','Sophora tetraptera',0),(603,351,'C','Quercus robur',0),(604,351,'D','Solanum laciniatum',0),(605,352,'A','Sophora tetraptera',0),(606,352,'B','Apodasmia similis',1),(607,352,'C','Agathis australis',0),(608,352,'D','Quercus robur',0),(609,353,'A','Quercus robur',0),(610,353,'B','Apodasmia similis',0),(611,353,'C','Camellia japonica',1),(612,353,'D','Agathis australis',0),(613,354,'A','Apodasmia similis',0),(614,354,'B','Camellia japonica',0),(615,354,'C','Quercus robur',0),(616,354,'D','Camellia sasanqua',1),(617,355,'A','Carex secta',1),(618,355,'B','Camellia sasanqua',0),(619,355,'C','Camellia japonica',0),(620,355,'D','Apodasmia similis',0),(621,356,'A','Camellia japonica',0),(622,356,'B','Carex testacea',1),(623,356,'C','Carex secta',0),(624,356,'D','Camellia sasanqua',0),(625,357,'A','Carex testacea',0),(626,357,'B','Camellia sasanqua',0),(627,357,'C','Carpodetus serratus',1),(628,357,'D','Camellia japonica',0),(629,358,'A','Camellia japonica',0),(630,358,'B','Carex testacea',0),(631,358,'C','Carex secta',0),(632,358,'D','Catalpa bignonioides',1),(633,359,'A','Choisya ternata',1),(634,359,'B','Carex secta',0),(635,359,'C','Carpodetus serratus',0),(636,359,'D','Catalpa bignonioides',0),(637,360,'A','Carpodetus serratus',0),(638,360,'B','Clematis paniculata',1),(639,360,'C','Choisya ternata',0),(640,360,'D','Carex secta',0),(641,361,'A','Catalpa bignonioides',0),(642,361,'B','Clematis paniculata',0),(643,361,'C','Clianthus maximus',1),(644,361,'D','Choisya ternata',0),(645,362,'A','Clematis paniculata',0),(646,362,'B','Clianthus maximus',0),(647,362,'C','Choisya ternata',0),(648,362,'D','Coprosma propinqua',1),(649,363,'A','Coprosma rugosa \'Lobster\'',1),(650,363,'B','Coprosma propinqua',0),(651,363,'C','Clematis paniculata',0),(652,363,'D','Clianthus maximus',0),(653,364,'A','Coprosma propinqua',0),(654,364,'B','Cotinus coggygria',1),(655,364,'C','Coprosma rugosa \'Lobster\'',0),(656,364,'D','Clematis paniculata',0),(657,365,'A','Clematis paniculata',0),(658,365,'B','Cotinus coggygria',0),(659,365,'C','Cupressus macrocarpa',1),(660,365,'D','Coprosma rugosa \'Lobster\'',0),(661,366,'A','Cotinus coggygria',0),(662,366,'B','Clematis paniculata',0),(663,366,'C','Cupressus macrocarpa',0),(664,366,'D','Cupressus sempervirens',1),(665,367,'A','Eucalyptus viminalis',0),(666,367,'B','Corylus avellana',0),(667,367,'C','Dracophyllum sinclairii',1),(668,367,'D','Coprosma propinqua',0),(669,368,'A','Fuchsia procumbens',0),(670,368,'B','Euphorbia glauca',1),(671,368,'C','Griselinia littoralis',0),(672,368,'D','Alectryon excelsus',0),(673,369,'A','Cordyline australis',0),(674,369,'B','Anemanthele lessoniana',0),(675,369,'C','Dodonaea viscosa',0),(676,369,'D','Ficus pumila',1),(677,370,'A','Fuchsia procumbens',1),(678,370,'B','Sophora tetraptera',0),(679,370,'C','Pseudopanax crassifolius',0),(680,370,'D','Leptospermum scoparium',0),(681,371,'A','Pittosporum tenuifolium',0),(682,371,'B','Fuscospora solandri',1),(683,371,'C','Melicytus ramiflorus',0),(684,371,'D','Metrosideros excelsa',0),(685,372,'A','Dacrydium cupressinum',0),(686,372,'B','Hebe stricta',0),(687,372,'C','Helleborus orientalis',1),(688,372,'D','Ficus carica',0),(689,373,'A','Hydrangea macrophylla',1),(690,373,'B','Lophomyrtus bullata',0),(691,373,'C','Phormium tenax',0),(692,373,'D','Corynocarpus laevigatus',0),(693,374,'A','Nothofagus solandri',0),(694,374,'B','Rhododendron arboreum',0),(695,374,'C','Kunzea ericoides',0),(696,374,'D','Hydrangea paniculata',1),(697,375,'A','Acaena inermis',0),(698,375,'B','Juncus pallidus',1),(699,375,'C','Gratiola sexdentata',0),(700,375,'D','Euphorbia lathyris',0),(701,376,'A','Griselinia lucida',0),(702,376,'B','Coprosma repens',0),(703,376,'C','Lophomyrtus obcordata',1),(704,376,'D','Melicope ternata',0),(705,377,'A','Lophomyrtus x ralphii',1),(706,377,'B','Cordyline australis',0),(707,377,'C','Pseudopanax lessonii',0),(708,377,'D','Rhopalostylis sapida',0),(709,378,'A','Sophora microphylla',0),(710,378,'B','Metrosideros excelsa',0),(711,378,'C','Hoheria populnea',0),(712,378,'D','Melicytus ramiflorus',1),(713,379,'A','Poa cita',0),(714,379,'B','Microleana avenacea',1),(715,379,'C','Carex virgata',0),(716,379,'D','Chionochloa rubra',0),(717,380,'A','Muehlenbeckia complexa',1),(718,380,'B','Hebe salicifolia',0),(719,380,'C','Pittosporum eugenioides',0),(720,380,'D','Carmichaelia australis',0),(721,381,'A','Metrosideros excelsa',0),(722,381,'B','Dacrycarpus dacrydioides',0),(723,381,'C','Eucalyptus globulus',0),(724,381,'D','Nepeta mussinii',1),(725,382,'A','Phormium tenax',0),(726,382,'B','Rhopalostylis sapida',0),(727,382,'C','Pachystegia insignis',1),(728,382,'D','Carpodetus serratus',0),(729,383,'A','Lophomyrtus bullata',0),(730,383,'B','Pachystegia rufa',1),(731,383,'C','Myrsine australis',0),(732,383,'D','Kunzea ericoides',0),(733,384,'A','Prumnopitys ferruginea',1),(734,384,'B','Alectryon excelsus',0),(735,384,'C','Nothofagus menziesii',0),(736,384,'D','Cordyline australis',0),(737,385,'A','Sophora microphylla',0),(738,385,'B','Grateloupia doryphora',0),(739,385,'C','Metrosideros robusta',0),(740,385,'D','Phyllocladus alpinus',1),(741,386,'A','Pittosporum crassifolium',0),(742,386,'B','Phyllocladus trichomanoides',1),(743,386,'C','Rhabdothamnus solandri',0),(744,386,'D','Olearia solandri',0),(745,387,'A','Kunzea amathicola',0),(746,387,'B','Hebe topiaria',0),(747,387,'C','Pittosporum tenuifolium \"Sumo\"',1),(748,387,'D','Fuchsia excorticata',0),(749,388,'A','Podocarpus laetus',1),(750,388,'B','Dacrydium cupressinum',0),(751,388,'C','Pseudopanax crassifolius',0),(752,388,'D','Leptospermum scoparium',0),(753,389,'A','Metrosideros excelsa',0),(754,389,'B','Agathis australis',0),(755,389,'C','Podocarpus nivalis',1),(756,389,'D','Alectryon excelsus',0),(757,390,'A','Rhopalostylis sapida',0),(758,390,'B','Podocarpus totara',1),(759,390,'C','Beilschmiedia tawa',0),(760,390,'D','Pittosporum eugenioides',0),(761,391,'A','Metrosideros robusta',0),(762,391,'B','Corynocarpus laevigatus',0),(763,391,'C','Alectryon excelsus',0),(764,391,'D','Prumnopitys taxifolia',1),(765,392,'A','Phormium tenax',0),(766,392,'B','Pseudopanax lessonii',1),(767,392,'C','Leptospermum scoparium',0),(768,392,'D','Dacrydium cupressinum',0),(769,393,'A','Pseudowintera colorata',1),(770,393,'B','Kunzea ericoides',0),(771,393,'C','Pittosporum eugenioides',0),(772,393,'D','Metrosideros excelsa',0),(773,394,'A','Alectryon excelsus',0),(774,394,'B','Agathis australis',0),(775,394,'C','Quercus rubra',1),(776,394,'D','Rhopalostylis sapida',0),(777,395,'A','Corynocarpus laevigatus',0),(778,395,'B','Rubus cissoides',1),(779,395,'C','Leptospermum scoparium',0),(780,395,'D','Pittosporum eugenioides',0),(781,396,'A','Metrosideros excelsa',0),(782,396,'B','Alectryon excelsus',0),(783,396,'C','Phormium tenax',0),(784,396,'D','Sedum spectabile \"Autumn Joy\"',1),(785,397,'A','Sorbus aucuparia',1),(786,397,'B','Corynocarpus laevigatus',0),(787,397,'C','Rhopalostylis sapida',0),(788,397,'D','Dacrycarpus dacrydioides',0),(789,398,'A','Kunzea ericoides',0),(790,398,'B','Leptospermum scoparium',0),(791,398,'C','Typha orientalis',1),(792,398,'D','Pseudopanax crassifolius',0),(793,399,'A','Pittosporum tenuifolium',0),(794,399,'B','Veronica odora \"Prostrata\"',1),(795,399,'C','Rhopalostylis sapida',0),(796,399,'D','Corynocarpus laevigatus',0),(797,400,'A','Wisteria sinensis',1),(798,400,'B','Metrosideros excelsa',0),(799,400,'C','Alectryon excelsus',0),(800,400,'D','Phormium tenax',0);
/*!40000 ALTER TABLE `questionoptions` ENABLE KEYS */;
UNLOCK TABLES;

--
-- Table structure for table `questions`
--

DROP TABLE IF EXISTS `questions`;
/*!40101 SET @saved_cs_client     = @@character_set_client */;
/*!50503 SET character_set_client = utf8mb4 */;
CREATE TABLE `questions` (
  `QuestionID` int NOT NULL AUTO_INCREMENT,
  `QuizID` int DEFAULT NULL,
  `PlantID` int DEFAULT NULL,
  `QuestionType` varchar(255) DEFAULT NULL,
  `QuestionText` varchar(1000) DEFAULT NULL,
  `CorrectAnswer` varchar(255) DEFAULT NULL,
  PRIMARY KEY (`QuestionID`),
  KEY `QuizID` (`QuizID`),
  KEY `PlantID` (`PlantID`),
  CONSTRAINT `questions_ibfk_1` FOREIGN KEY (`QuizID`) REFERENCES `quizzes` (`QuizID`) ON DELETE CASCADE,
  CONSTRAINT `questions_ibfk_2` FOREIGN KEY (`PlantID`) REFERENCES `plantnames` (`PlantID`) ON DELETE CASCADE
) ENGINE=InnoDB AUTO_INCREMENT=401 DEFAULT CHARSET=utf8mb4 COLLATE=utf8mb4_0900_ai_ci;
/*!40101 SET character_set_client = @saved_cs_client */;

--
-- Dumping data for table `questions`
--

LOCK TABLES `questions` WRITE;
/*!40000 ALTER TABLE `questions` DISABLE KEYS */;
INSERT INTO `questions` VALUES (1,1,1,'true_false','Is the Latin name of titoki \"Alectryon excelsus\"?','True'),(2,1,2,'true_false','Is the spotted or Japanese laurel known scientifically as \"Azara microphylla\"?','False'),(3,1,3,'true_false','Is \"Azara microphylla\" the correct Latin name for the vanilla tree?','True'),(4,1,4,'true_false','Is the coastal banksia known scientifically as \"Carpinus betulus\"?','False'),(5,1,5,'true_false','Is the NZ daisy bush correctly identified as \"Brachyglottis greyi\"?','True'),(6,1,6,'true_false','Is \"Carmichaelia williamsii\" known as the coastal banksia?','False'),(7,1,7,'true_false','Is the European hornbeam known scientifically as \"Carpinus betulus\"?','True'),(8,1,8,'true_false','Does the mountain daisy belong to the genus \"Aucuba\"?','False'),(9,1,9,'true_false','Is \"Chionochloa flavicans\" the correct Latin name for miniature toetoe?','True'),(10,1,10,'true_false','Is the confetti bush known scientifically as \"Dacrydium cupressinum\"?','False'),(11,1,11,'true_false','Is the mirror bush or taupata known scientifically as \"Coprosma repens\"?','True'),(12,1,12,'true_false','Is \"Coprosma X kirkii\" the correct Latin name for the coastal banksia?','False'),(13,1,13,'true_false','Is the Siberian dogwood known scientifically as \"Cornus alba\"?','True'),(14,1,14,'true_false','Is \"Corokia X virgata \'Bronze King\'\" the correct Latin name for the vanilla tree?','False'),(15,1,15,'true_false','Is the tree lucerne or tagasaste correctly identified as \"Cytisus proliferus\"?','True'),(16,1,16,'true_false','Is \"Dianella sp. \'Little Rev\'\" known as the European hornbeam?','False'),(17,1,17,'true_false','Is the akeake or hopbush known scientifically as \"Dodonaea viscosa \'Purpurea\'\"?','True'),(18,1,18,'true_false','Does the manna gum belong to the genus \"Eucalyptus\"?','True'),(19,1,19,'true_false','Is \"Fagus sylvatica\" the correct Latin name for the common or English beech?','True'),(20,1,20,'true_false','Is the Banks Peninsula blue tussock known scientifically as \"Festuca actae\"?','True'),(21,1,21,'true_false','Is the broadleaf or kapuka known scientifically as \"Griselinia littoralis\"?','True'),(22,1,22,'true_false','Is \"Hoheria angustifolia\" the correct Latin name for the narrow leaved lacebark?','True'),(23,1,23,'true_false','Is the lacebark or houhere known scientifically as \"Dacrydium cupressinum\"?','False'),(24,1,24,'true_false','Does the bay tree belong to the species \"Laurus nobilis\"?','True'),(25,1,25,'true_false','Is \"Leonohebe cupressoides\" known as the fragrant hebe?','True'),(26,1,26,'true_false','Is the basket grass correctly identified as \"Lomandra longifolia\"?','True'),(27,1,27,'true_false','Is \"Magnolia liliflora \'Nigra\'\" the correct Latin name for the deciduous magnolia?','True'),(28,1,28,'true_false','Is the shrubby tororaro known scientifically as \"Muehlenbeckia astonii\"?','True'),(29,1,29,'true_false','Does the ngaio belong to the genus \"Myoporum\"?','True'),(30,1,30,'true_false','Is the Chatham Island forget-me-not known scientifically as \"Myosotidium hortensia\"?','True'),(31,1,31,'true_false','Is the olive tree known scientifically as \"Olea europaea\"?','True'),(32,1,32,'true_false','Is \"Olearia lineata\" the correct Latin name for the twiggy tree daisy?','True'),(33,1,33,'true_false','Is the satinwood known scientifically as \"Phebalium squameum\"?','True'),(34,1,34,'true_false','Does the photinia belong to the species \"Photinia X fraseri \'Robusta\'\"?','True'),(35,1,35,'true_false','Is \"Phormium cookianum\" known as the wharariki or mountain flax?','True'),(36,1,36,'true_false','Is the harakeke or NZ flax correctly identified as \"Phormium tenax\"?','True'),(37,1,37,'true_false','Is the kawakawa known scientifically as \"Piper excelsum\"?','True'),(38,1,38,'true_false','Does the swamp ribbonwood belong to the species \"Plagianthus divaricatus\"?','True'),(39,1,39,'true_false','Is \"Platanus orientalis \'Digitata\'\" the correct Latin name for the cut leaf plane?','True'),(40,1,40,'true_false','Is the prickly shield fern or puniu known scientifically as \"Polystichum vestitum\"?','True'),(41,1,41,'true_false','Is the panakenake known scientifically as \"Polystichum vestitum\"?','False'),(42,1,42,'true_false','Is \"Rosmarinus officinalis\" the correct Latin name for the kawakawa?','False'),(43,1,43,'true_false','Is the Japanese skimmia correctly identified as \"Skimmia japonica\"?','True'),(44,1,44,'true_false','Is the prostrate kowhai known scientifically as \"Dacrydium cupressinum\"?','False'),(45,1,45,'true_false','Does the teucridium belong to the species \"Teucridium parvifolium\"?','True'),(46,1,46,'true_false','Is the lime tree correctly identified as \"Tilia cordata\"?','True'),(47,1,47,'true_false','Is \"Ulmus carpinifolia \'Variegata\'\" known as the NZ daisy bush?','False'),(48,1,48,'true_false','Does the large leaved hebe belong to the species \"Veronica speciosa\"?','True'),(49,1,49,'true_false','Is the topiary hebe known scientifically as \"Veronica topiaria\"?','True'),(50,1,50,'true_false','Is \"Viburnum tinus\" the correct Latin name for the manna gum?','False'),(51,1,1,'multiple_choice','What is the Latin name of \"titoki\"?','D'),(52,1,2,'multiple_choice','What is the Latin name of \"spotted or Japanese laurel\"?','A'),(53,1,3,'multiple_choice','What is the Latin name of \"vanilla tree\"?','B'),(54,1,4,'multiple_choice','What is the Latin name of \"coastal banksia\"?','C'),(55,1,5,'multiple_choice','What is the Latin name of \"NZ daisy bush\"?','D'),(56,1,6,'multiple_choice','What is the Latin name of \"NZ giant flowering broom\"?','A'),(57,1,7,'multiple_choice','What is the Latin name of \"European hornbeam\"?','B'),(58,1,8,'multiple_choice','What is the Latin name of \"mountain daisy\"?','C'),(59,1,9,'multiple_choice','What is the Latin name of \"miniature toetoe\"?','D'),(60,1,10,'multiple_choice','What is the Latin name of \"confetti bush\"?','A'),(61,1,11,'multiple_choice','What is the Latin name of \"mirror bush or taupata\"?','C'),(62,1,12,'multiple_choice','What is the Latin name of \"groundcover coprosma\"?','D'),(63,1,13,'multiple_choice','What is the Latin name of \"Siberian dogwood\"?','A'),(64,1,14,'multiple_choice','What is the Latin name of \"bronze corokia\"?','B'),(65,1,15,'multiple_choice','What is the Latin name of \"tree lucerne or tagasaste\"?','C'),(66,1,16,'multiple_choice','What is the Latin name of \"dianella\"?','D'),(67,1,17,'multiple_choice','What is the Latin name of \"akeake or hopbush\"?','A'),(68,1,18,'multiple_choice','What is the Latin name of \"manna gum\"?','B'),(69,1,19,'multiple_choice','What is the Latin name of \"common or English beech\"?','C'),(70,1,20,'multiple_choice','What is the Latin name of \"Banks Peninsula blue tussock\"?','D'),(71,1,21,'multiple_choice','What is the Latin name of \"broadleaf or kapuka\"?','A'),(72,1,22,'multiple_choice','What is the Latin name of \"narrow leaved lacebark\"?','A'),(73,1,23,'multiple_choice','What is the Latin name of \"lacebark or houhere\"?','B'),(74,1,24,'multiple_choice','What is the Latin name of \"bay tree\"?','C'),(75,1,25,'multiple_choice','What is the Latin name of \"frangrant hebe\"?','D'),(76,1,26,'multiple_choice','What is the Latin name of \"basket grass\"?','A'),(77,1,27,'multiple_choice','What is the Latin name of \"deciduous magnolia\"?','B'),(78,1,28,'multiple_choice','What is the Latin name of \"shrubby tororaro\"?','C'),(79,1,29,'multiple_choice','What is the Latin name of \"ngaio\"?','D'),(80,1,30,'multiple_choice','What is the Latin name of \"Chatham Island forget me not\"?','A'),(81,1,31,'multiple_choice','What is the Latin name of \"olive tree\"?','B'),(82,1,32,'multiple_choice','What is the Latin name of \"twiggy tree daisy\"?','C'),(83,1,33,'multiple_choice','What is the Latin name of \"satinwood\"?','A'),(84,1,34,'multiple_choice','What is the Latin name of \"photinia\"?','D'),(85,1,35,'multiple_choice','What is the Latin name of \"wharariki or mountain Flax\"?','B'),(86,1,36,'multiple_choice','What is the Latin name of \"harakeke or NZ flax\"?','C'),(87,1,37,'multiple_choice','What is the Latin name of \"kawakawa\"?','A'),(88,1,38,'multiple_choice','What is the Latin name of \"swamp ribbonwood\"?','D'),(89,1,39,'multiple_choice','What is the Latin name of \"cut leaf plane\"?','B'),(90,1,40,'multiple_choice','What is the Latin name of \"prickly shield fern or puniu\"?','C'),(91,1,41,'multiple_choice','What is the Latin name of \"panakenake\"?','A'),(92,1,42,'multiple_choice','What is the Latin name of \"rosemary\"?','B'),(93,1,43,'multiple_choice','What is the Latin name of \"Japanese skimmia\"?','C'),(94,1,44,'multiple_choice','What is the Latin name of \"prostrate kowhai\"?','D'),(95,1,45,'multiple_choice','What is the Latin name of \"teucridium\"?','A'),(96,1,46,'multiple_choice','What is the Latin name of \"lime tree\"?','B'),(97,1,47,'multiple_choice','What is the Latin name of \"variegated elm\"?','C'),(98,1,48,'multiple_choice','What is the Latin name of \"large leaved hebe\"?','D'),(99,1,49,'multiple_choice','What is the Latin name of \"topiary hebe\"?','A'),(100,1,50,'multiple_choice','What is the Latin name of \"laurustinus\"?','B'),(101,2,51,'true_false','Is \"Acca sellowiana\" the correct Latin name for the coastal banksia?','False'),(102,2,52,'true_false','Is \"Acer palmatum\" known as the spotted or Japanese laurel?','False'),(103,2,53,'true_false','Does the common horse chestnut belong to the species \"Acer palmatum\"?','False'),(104,2,54,'true_false','Is \"Agave sp.\" the correct Latin name for the kangaroo paw?','False'),(105,2,55,'true_false','Is \"Anigozanthos flavidus\" the correct Latin name for the strawberry tree?','False'),(106,2,56,'true_false','Is the strawberry tree known scientifically as \"Aristotelia serrata\"?','False'),(107,2,57,'true_false','Is \"Aristotelia serrata\" the correct Latin name for the winberry or makomako?','True'),(108,2,58,'true_false','Does the shining spleenwort belong to the genus \"Agave\"?','False'),(109,2,59,'true_false','Is \"Bergenia cordifolia\" the correct Latin name for the heart leaf bergenia?','True'),(110,2,60,'true_false','Is \"Brachychiton populneus\" known as the agave?','False'),(111,2,61,'true_false','Is the box hedge correctly identified as \"Buxus sempervirens\"?','True'),(112,2,62,'true_false','Is the Latin name of \'bottle brush\' \'Callistemon sp.\'?','False'),(113,2,63,'true_false','Is \'Canna X generalis\' known as the coastal banksia?','False'),(114,2,64,'true_false','Is the Texas white redbud correctly identified as \'Cercis canadensis \'Texas White\'?\'','True'),(115,2,65,'true_false','Does \'Chimonanthus praecox\' belong to the \'wintersweet\' species?','True'),(116,2,66,'true_false','Is \'Choisya X dewitteana \'Aztec Pearl\'\' the correct Latin name for the Mexican orange blossom?','True'),(117,2,67,'true_false','Is the \'Mexican orange blossom\' known scientifically as \'Canna X generalis\'?','True'),(118,2,68,'true_false','Is \'Clivia sp.\' a correct Latin name for the natal or bush lily?','False'),(119,2,69,'true_false','Is \'Corylus avellana\' the correct Latin name for the common hazel?','False'),(120,2,70,'true_false','Is \'Cyclamen hederifolium\' known as the European hornbeam?','False'),(121,2,71,'true_false','Is the Nepalese paper plant correctly identified as \'Daphne bholua\'?','True'),(122,2,72,'true_false','Is \'Daphne odora\' the correct Latin name for the winter daphne?','True'),(123,2,73,'true_false','Is \"Hamamelis mollis\" the correct Latin name for the witch hazel?','True'),(124,2,74,'true_false','Is \"Hydrangea quercifolia \'Pee Wee\'\" the correct Latin name for the oak leaf hydrangea?','True'),(125,2,75,'true_false','Is \"Knightia excelsa\" known as crown fern?','False'),(126,2,76,'true_false','Is \"Lavandula X intermedia\" the correct Latin name for hybrid lavender?','True'),(127,2,77,'true_false','Is \"Leucadendron salignum\" the correct Latin name for the witch hazel?','False'),(128,2,78,'true_false','Does \"Libertia ixioides\" refer to the NZ iris or mikoikoi?','True'),(129,2,79,'true_false','Is \"Lomaria discolor\" the correct Latin name for the oak leaf hydrangea?','False'),(130,2,80,'true_false','Is \"Magnolia grandiflora \'Little Gem\'\" the correct Latin name for the dwarf magnolia?','True'),(131,2,81,'true_false','Is \"Magnolia X soulangeana\" known as saucer or Chinese magnolia?','True'),(132,2,82,'true_false','Is \"Malus sp.\" the correct Latin name for the apple tree?','True'),(133,2,83,'true_false','Is \"Michelia yunnanensis\" the correct Latin name for the evergreen michelia?','True'),(134,2,84,'true_false','Is \"Nandina domestica ‘Pygmaea’\" the correct Latin name for the dwarf heavenly bamboo?','True'),(135,2,85,'true_false','Is \"Pachysandra terminalis\" the correct Latin name for the cherry laurel?','False'),(136,2,86,'true_false','Is \"Pieris japonica\" the correct Latin name for the lily of the valley?','True'),(137,2,87,'true_false','Is \"Polyspora axillaris\" the correct Latin name for the fried egg plant?','True'),(138,2,88,'true_false','Is \"Populus trichocarpa\" the correct Latin name for the black cottonwood?','True'),(139,2,89,'true_false','Is \"Protea neriifolia\" the correct Latin name for the kangaroo paw?','False'),(140,2,90,'true_false','Is \"Prunus laurocerasus\" the correct Latin name for the cherry laurel?','True'),(141,2,91,'true_false','Is \"Pyrus communis\" the correct Latin name for the common pear?','True'),(142,2,92,'true_false','Is \"Rhododendron sp.\" the correct Latin name for the maple tree?','False'),(143,2,93,'true_false','Is \"Rhododendron sp.\" the correct Latin name for the sunflower?','False'),(144,2,94,'true_false','Is \"Robinia pseudoacacia \'Lace Lady\'\" the correct Latin name for the contorted black locust?','True'),(145,2,95,'true_false','Is \"Rosa sp. \'Ivey Hall\'\" known as the yellow floribunda rose?','True'),(146,2,96,'true_false','Is \"Salvia officinalis\" the correct Latin name for the cherry laurel?','False'),(147,2,97,'true_false','Is \"Santolina chamaecyparissus\" the correct Latin name for lavender cotton?','True'),(148,2,98,'true_false','Is \"Sarcococca confusa\" the correct Latin name for the Japanese maple?','False'),(149,2,99,'true_false','Is \"Sequoia sempervirens\" the correct Latin name for the redwood?','True'),(150,2,100,'true_false','Is \"Zantedeschia aethiopica\" the correct Latin name for the sunflower?','False'),(151,3,101,'true_false','Is \"Acer griseum\" known as the paperbark maple?','True'),(152,3,102,'true_false','Is \"Anemanthele lessoniana\" the correct Latin name for the kangaroo paw?','False'),(153,3,103,'true_false','Is \"Arthropodium cirratum\" the correct Latin name for rengarenga?','True'),(154,3,104,'true_false','Is \"Astelia chathamica\" the correct Latin name for the European beech?','False'),(155,3,105,'true_false','Is \"Austroderia richardii\" the correct Latin name for the South Island toe toe?','True'),(156,3,106,'true_false','Is \"Brachyglottis monroi\" known as the cherry laurel?','False'),(157,3,107,'true_false','Is \"Brachyglottis rotundifolia\" the correct Latin name for muttonbird scrub?','True'),(158,3,108,'true_false','Is \"Carmichaelia appressa\" the correct Latin name for the Japanese maple?','False'),(159,3,109,'true_false','Is \"Carmichaelia stevensonii\" the correct Latin name for the weeping broom?','True'),(160,3,110,'true_false','Is \"Coprosma acerosa ‘Hawera’\" known as the kangaroo paw?','False'),(161,3,111,'true_false','Is \"Cordyline australis\" the correct Latin name for the cabbage tree?','True'),(162,3,112,'true_false','Is \"Cornus florida\" the correct Latin name for the dogwood?','True'),(163,3,113,'true_false','Is \"Corynocarpus laevigatus\" known as the silver beech?','False'),(164,3,114,'true_false','Is \"Dacrydium cupressinum\" the correct Latin name for rimu?','True'),(165,3,115,'true_false','Is \"Dianella nigra\" the correct Latin name for the kangaroo paw?','False'),(166,3,116,'true_false','Is \"Dicksonia squarrosa\" the correct Latin name for wheki or rough tree fern?','True'),(167,3,117,'true_false','Is \"Discaria toumatou\" known as the cherry laurel?','False'),(168,3,118,'true_false','Is \"Disphyma australe\" the correct Latin name for horokaka or native ice plant?','True'),(169,3,119,'true_false','Is \"Fraxinus excelsior\" the correct Latin name for the South Island toe toe?','False'),(170,3,120,'true_false','Is \"Fuscospora cliffortioides\" the correct Latin name for mountain beech?','True'),(171,3,121,'true_false','Is \"Fuscospora fusca\" known as the manna gum?','False'),(172,3,122,'true_false','Is \"Ginkgo biloba\" the correct Latin name for the maidenhair tree?','True'),(173,3,123,'true_false','Is \"Griselinia littoralis\" the correct Latin name for the NZ broadleaf or kapuka?','True'),(174,3,124,'true_false','Is \"Haloragis erecta ‘Purpurea’\" known as the silver fern?','False'),(175,3,125,'true_false','Is \"Hoheria lyallii\" the correct Latin name for mountain lacebark?','True'),(176,3,126,'true_false','Is \"Kunzea ericoides\" the correct Latin name for the NZ daisy bush?','False'),(177,3,127,'true_false','Is \"Libertia peregrinans\" the correct Latin name for the NZ iris?','True'),(178,3,128,'true_false','Is \"Liquidambar styraciflua\" known as the NZ flax?','False'),(179,3,129,'true_false','Is \"Liriodendron tulipifera\" the correct Latin name for the tulip tree?','True'),(180,3,130,'true_false','Is \"Lophozonia menziesii\" the correct Latin name for the kowhai?','False'),(181,3,131,'true_false','Is \"Melicytus alpinus\" the correct Latin name for porcupine scrub?','True'),(182,3,132,'true_false','Is \"Muehlenbeckia axillaris\" known as the giant club rush?','False'),(183,3,133,'true_false','Is \"Olearia cheesemanii\" the correct Latin name for the NZ daisy bush?','True'),(184,3,134,'true_false','Is \"Pimelea prostrata\" the correct Latin name for NZ daphne?','True'),(185,3,135,'true_false','Is \"Pittosporum crassifolium\" known as the mountain daisy?','False'),(186,3,136,'true_false','Is \"Pittosporum eugenioides\" the correct Latin name for lemonwood or tarata?','True'),(187,3,137,'true_false','Is \"Pittosporum tenuifolium\" the correct Latin name for the NZ iris?','False'),(188,3,138,'true_false','Is \"Plagianthus regius\" the correct Latin name for lowland ribbonwood?','True'),(189,3,139,'true_false','Is \"Platanus x acerifolia\" known as the silver beech?','False'),(190,3,140,'true_false','Is \"Poa cita\" the correct Latin name for silver tussock?','True'),(191,3,141,'true_false','Is \"Prunus x yedoensis\" the correct Latin name for the black cottonwood?','False'),(192,3,142,'true_false','Is \"Pseudopanax crassifolius\" the correct Latin name for lancewood?','True'),(193,3,143,'true_false','Is \"Pseudopanax ferox\" known as the NZ daisy bush?','False'),(194,3,144,'true_false','Is \"Quercus palustris\" the correct Latin name for pin oak?','True'),(195,3,145,'true_false','Is \"Quercus robur\" the correct Latin name for English oak?','True'),(196,3,146,'true_false','Is \"Solanum laciniatum\" known as the Japanese maple?','False'),(197,3,147,'true_false','Is \"Sophora microphylla\" the correct Latin name for South Island kowhai?','True'),(198,3,148,'true_false','Is \"Sophora molloyi \'Dragons Gold\'\" the correct Latin name for the coastal banksia?','False'),(199,3,149,'true_false','Is \"Sophora tetraptera\" the correct Latin name for North Island kowhai?','True'),(200,3,150,'true_false','Is \"Veronica hulkeana\" the correct Latin name for New Zealand lilac?','True'),(201,4,151,'true_false','Is \"Agathis australis\" the correct Latin name for kauri?','True'),(202,4,152,'true_false','Is \"Apodasmia similis\" known as the Japanese maple?','False'),(203,4,153,'true_false','Is \"Camellia japonica\" the correct Latin name for Japanese camellia?','True'),(204,4,154,'true_false','Is \"Camellia sasanqua\" the correct Latin name for the coastal banksia?','False'),(205,4,155,'true_false','Is \"Carex secta\" the correct Latin name for pukio?','True'),(206,4,156,'true_false','Is \"Carex testacea\" known as the Japanese maple?','False'),(207,4,157,'true_false','Is \"Carpodetus serratus\" the correct Latin name for marble leaf or putaputaweta?','True'),(208,4,158,'true_false','Is \"Catalpa bignonioides\" the correct Latin name for Indian bean tree?','True'),(209,4,159,'true_false','Is \"Choisya ternata\" the correct Latin name for the coastal banksia?','False'),(210,4,160,'true_false','Is \"Clematis paniculata\" the correct Latin name for puawhananga?','True'),(211,4,161,'true_false','Is \"Clianthus maximus\" the correct Latin name for kakabeak?','True'),(212,4,162,'true_false','Is \"Coprosma propinqua\" the correct Latin name for mingimingi?','True'),(213,4,163,'true_false','Is \"Coprosma rugosa \'Lobster\'\" known as the Japanese maple?','False'),(214,4,164,'true_false','Is \"Cotinus coggygria\" the correct Latin name for smoke bush?','True'),(215,4,165,'true_false','Is \"Cupressus macrocarpa\" the correct Latin name for the coastal banksia?','False'),(216,4,166,'true_false','Is \"Cupressus sempervirens\" the correct Latin name for Italian cypress?','True'),(217,4,167,'true_false','Is \"Dracophyllum sinclairii\" known as the Japanese maple?','False'),(218,4,168,'true_false','Is \"Euphorbia glauca\" the correct Latin name for shore spurge or waiuatua?','True'),(219,4,169,'true_false','Is \"Ficus pumila\" the correct Latin name for creeping fig?','True'),(220,4,170,'true_false','Is \"Fuchsia procumbens\" the correct Latin name for the coastal banksia?','False'),(221,4,171,'true_false','Is \"Fuscospora solandri\" the correct Latin name for black beech?','True'),(222,4,172,'true_false','Is \"Helleborus orientalis\" the correct Latin name for lenten rose?','True'),(223,4,173,'true_false','Is \"Hydrangea macrophylla\" the correct Latin name for mophead hydrangea?','True'),(224,4,174,'true_false','Is \"Hydrangea paniculata\" known as the coastal banksia?','False'),(225,4,175,'true_false','Is \"Juncus pallidus\" the correct Latin name for giant club rush?','True'),(226,4,176,'true_false','Is \"Lophomyrtus obcordata\" known as the Japanese maple?','False'),(227,4,177,'true_false','Is \"Lophomyrtus x ralphii\" the correct Latin name for hybrid lophomyrtus or NZ myrtle?','True'),(228,4,178,'true_false','Is \"Melicytus ramiflorus\" the correct Latin name for mahoe or whiteywood?','True'),(229,4,179,'true_false','Is \"Microleana avenacea\" the correct Latin name for the coastal banksia?','False'),(230,4,180,'true_false','Is \"Muehlenbeckia complexa\" the correct Latin name for small leaved pohuehue?','True'),(231,4,181,'true_false','Is \"Nepeta mussinii\" the correct Latin name for cat mint?','True'),(232,4,182,'true_false','Is \"Pachystegia insignis\" known as the Japanese maple?','False'),(233,4,183,'true_false','Is \"Pachystegia rufa\" the correct Latin name for Marlborough rock daisy?','True'),(234,4,184,'true_false','Is \"Pectinopitys ferruginea\" the correct Latin name for miro?','True'),(235,4,185,'true_false','Is \"Phyllocladus alpinus\" known as the coastal banksia?','False'),(236,4,186,'true_false','Is \"Phyllocladus trichomanoides\" the correct Latin name for tanekaha?','True'),(237,4,187,'true_false','Is \"Pittosporum tenuifolium \'Sumo\'\" the correct Latin name for dwarf pittosporum?','True'),(238,4,188,'true_false','Is \"Podocarpus laetus\" known as the Japanese maple?','False'),(239,4,189,'true_false','Is \"Podocarpus nivalis\" the correct Latin name for snow or mountain totara?','True'),(240,4,190,'true_false','Is \"Podocarpus totara\" the correct Latin name for totara?','True'),(241,4,191,'true_false','Is \"Prumnopitys taxifolia\" known as the coastal banksia?','False'),(242,4,192,'true_false','Is \"Pseudopanax lessonii\" the correct Latin name for houpara?','True'),(243,4,193,'true_false','Is \"Pseudowintera colorata\" known as the Japanese maple?','False'),(244,4,194,'true_false','Is \"Quercus rubra\" the correct Latin name for red oak?','True'),(245,4,195,'true_false','Is \"Rubus cissoides\" the correct Latin name for bush lawyer?','True'),(246,4,196,'true_false','Is \"Sedum spectabile \'Autumn Joy\'\" known as the coastal banksia?','False'),(247,4,197,'true_false','Is \"Sorbus aucuparia\" the correct Latin name for rowan?','True'),(248,4,198,'true_false','Is \"Typha orientalis\" known as the Japanese maple?','False'),(249,4,199,'true_false','Is \"Veronica odora \'Prostrata\'\" the correct Latin name for prostrate hebe?','True'),(250,4,200,'true_false','Is \"Wisteria sinensis\" known as the coastal banksia?','False'),(251,2,51,'multiple_choice','What is the Latin name of \"feijoa\"?','B'),(252,2,52,'multiple_choice','What is the Latin name of \"Japanese maple\"?','A'),(253,2,53,'multiple_choice','What is the Latin name of \"common horse chestnut\"?','D'),(254,2,54,'multiple_choice','What is the Latin name of \"agave\"?','C'),(255,2,55,'multiple_choice','What is the Latin name of \"kangaroo paw\"?','A'),(256,2,56,'multiple_choice','What is the Latin name of \"strawberry tree\"?','D'),(257,2,57,'multiple_choice','What is the Latin name of \"winberry or makomako\"?','B'),(258,2,58,'multiple_choice','What is the Latin name of \"shining spleenwort\"?','C'),(259,2,59,'multiple_choice','What is the Latin name of \"heart leaf bergenia\"?','A'),(260,2,60,'multiple_choice','What is the Latin name of \"kurrajong or bottletree\"?','B'),(261,2,61,'multiple_choice','What is the Latin name of \"box hedge\"?','D'),(262,2,62,'multiple_choice','What is the Latin name of \"bottle brush\"?','B'),(263,2,63,'multiple_choice','What is the Latin name of \"canna lily\"?','A'),(264,2,64,'multiple_choice','What is the Latin name of \"Texas white redbud\"?','D'),(265,2,65,'multiple_choice','What is the Latin name of \"wintersweet\"?','B'),(266,2,66,'multiple_choice','What is the Latin name of \"Mexican orange blossom\"?','C'),(267,2,67,'multiple_choice','What is the Latin name of \"natal or bush lily\"?','A'),(268,2,68,'multiple_choice','What is the Latin name of \"common hazel\"?','D'),(269,2,69,'multiple_choice','What is the Latin name of \"ivy leaved cyclamen\"?','B'),(270,2,70,'multiple_choice','What is the Latin name of \"Nepalese paper plant\"?','C'),(271,2,71,'multiple_choice','What is the Latin name of \"winter daphne\"?','A'),(272,2,72,'multiple_choice','What is the Latin name of \"grevillea\"?','D'),(273,2,73,'multiple_choice','What is the Latin name of \"witch hazel\"?','B'),(274,2,74,'multiple_choice','What is the Latin name of \"oak leaf hydrangea\"?','A'),(275,2,75,'multiple_choice','What is the Latin name of \"rewarewa NZ honeysuckle\"?','C'),(276,2,76,'multiple_choice','What is the Latin name of \"hybrid lavender\"?','D'),(277,2,77,'multiple_choice','What is the Latin name of \"conebush\"?','A'),(278,2,78,'multiple_choice','What is the Latin name of \"NZ iris or mikoikoi\"?','B'),(279,2,79,'multiple_choice','What is the Latin name of \"crown fern\"?','C'),(280,2,80,'multiple_choice','What is the Latin name of \"dwarf magnolia\"?','D'),(281,2,81,'multiple_choice','What is the Latin name of \"saucer or Chinese magnolia\"?','A'),(282,2,82,'multiple_choice','What is the Latin name of \"apple tree\"?','B'),(283,2,83,'multiple_choice','What is the Latin name of \"evergreen michelia\"?','C'),(284,2,84,'multiple_choice','What is the Latin name of \"dwarf heavenly bamboo\"?','A'),(285,2,85,'multiple_choice','What is the Latin name of \"Japanese spurge\"?','D'),(286,2,86,'multiple_choice','What is the Latin name of \"lily of the valley\"?','B'),(287,2,87,'multiple_choice','What is the Latin name of \"fried egg plant\"?','C'),(288,2,88,'multiple_choice','What is the Latin name of \"black cottonwood\"?','A'),(289,2,89,'multiple_choice','What is the Latin name of \"oleanderleaf protea\"?','D'),(290,2,90,'multiple_choice','What is the Latin name of \"cherry laurel\"?','B'),(291,2,91,'multiple_choice','What is the Latin name of \"common pear\"?','A'),(292,2,92,'multiple_choice','What is the Latin name of \"azalea\"?','C'),(293,2,93,'multiple_choice','What is the Latin name of \"rhododendron\"?','B'),(294,2,94,'multiple_choice','What is the Latin name of \"contorted black locust\"?','D'),(295,2,95,'multiple_choice','What is the Latin name of \"yellow floribunda rose\"?','A'),(296,2,96,'multiple_choice','What is the Latin name of \"common sage\"?','B'),(297,2,97,'multiple_choice','What is the Latin name of \"lavender cotton\"?','C'),(298,2,98,'multiple_choice','What is the Latin name of \"sweet box\"?','D'),(299,2,99,'multiple_choice','What is the Latin name of \"redwood\"?','A'),(300,2,100,'multiple_choice','What is the Latin name of \"arum or calla lily\"?','B'),(301,3,101,'multiple_choice','What is the Latin name of \"paperbark maple\"?','A'),(302,3,102,'multiple_choice','What is the Latin name of \"wind grass\"?','B'),(303,3,103,'multiple_choice','What is the Latin name of \"rengarenga\"?','C'),(304,3,104,'multiple_choice','What is the Latin name of \"Chatham Islands astelia\"?','D'),(305,3,105,'multiple_choice','What is the Latin name of \"South Island toe toe\"?','A'),(306,3,106,'multiple_choice','What is the Latin name of \"Monro\'s daisy\"?','B'),(307,3,107,'multiple_choice','What is the Latin name of \"muttonbird scrub\"?','C'),(308,3,108,'multiple_choice','What is the Latin name of \"native prostrate broom\"?','D'),(309,3,109,'multiple_choice','What is the Latin name of \"weeping broom\"?','A'),(310,3,110,'multiple_choice','What is the Latin name of \"Hawera sand coprosma\"?','B'),(311,3,111,'multiple_choice','What is the Latin name of \"cabbage tree\"?','C'),(312,3,112,'multiple_choice','What is the Latin name of \"dogwood\"?','D'),(313,3,113,'multiple_choice','What is the Latin name of \"karaka or NZ laurel\"?','A'),(314,3,114,'multiple_choice','What is the Latin name of \"rimu\"?','B'),(315,3,115,'multiple_choice','What is the Latin name of \"turutu\"?','C'),(316,3,116,'multiple_choice','What is the Latin name of \"wheki or rough tree fern\"?','D'),(317,3,117,'multiple_choice','What is the Latin name of \"matagouri\"?','A'),(318,3,118,'multiple_choice','What is the Latin name of \"horokaka or native ice plant\"?','B'),(319,3,119,'multiple_choice','What is the Latin name of \"European or common ash\"?','C'),(320,3,120,'multiple_choice','What is the Latin name of \"mountain beech\"?','D'),(321,3,121,'multiple_choice','What is the Latin name of \"red beech\"?','A'),(322,3,122,'multiple_choice','What is the Latin name of \"maidenhair tree\"?','B'),(323,3,123,'multiple_choice','What is the Latin name of \"NZ broadleaf or kapuka\"?','C'),(324,3,124,'multiple_choice','What is the Latin name of \"toatoa\"?','D'),(325,3,125,'multiple_choice','What is the Latin name of \"mountain lacebark\"?','A'),(326,3,126,'multiple_choice','What is the Latin name of \"kanuka\"?','B'),(327,3,127,'multiple_choice','What is the Latin name of \"NZ iris\"?','C'),(328,3,128,'multiple_choice','What is the Latin name of \"American sweetgum\"?','D'),(329,3,129,'multiple_choice','What is the Latin name of \"tulip tree\"?','A'),(330,3,130,'multiple_choice','What is the Latin name of \"silver beech\"?','B'),(331,3,131,'multiple_choice','What is the Latin name of \"porcupine scrub\"?','A'),(332,3,132,'multiple_choice','What is the Latin name of \"creeping muehlenbeckia\"?','B'),(333,3,133,'multiple_choice','What is the Latin name of \"NZ daisy bush\"?','C'),(334,3,134,'multiple_choice','What is the Latin name of \"NZ daphne\"?','D'),(335,3,135,'multiple_choice','What is the Latin name of \"karo\"?','A'),(336,3,136,'multiple_choice','What is the Latin name of \"lemonwood or tarata\"?','B'),(337,3,137,'multiple_choice','What is the Latin name of \"kohuhu or black matipo\"?','C'),(338,3,138,'multiple_choice','What is the Latin name of \"lowland ribbonwood\"?','D'),(339,3,139,'multiple_choice','What is the Latin name of \"London plane\"?','A'),(340,3,140,'multiple_choice','What is the Latin name of \"silver tussock\"?','B'),(341,3,141,'multiple_choice','What is the Latin name of \"Yoshino cherry\"?','C'),(342,3,142,'multiple_choice','What is the Latin name of \"lancewood\"?','D'),(343,3,143,'multiple_choice','What is the Latin name of \"fierce lancewood\"?','A'),(344,3,144,'multiple_choice','What is the Latin name of \"pin oak\"?','B'),(345,3,145,'multiple_choice','What is the Latin name of \"English oak\"?','C'),(346,3,146,'multiple_choice','What is the Latin name of \"poroporo\"?','D'),(347,3,147,'multiple_choice','What is the Latin name of \"South Island kowhai\"?','A'),(348,3,148,'multiple_choice','What is the Latin name of \"Cook Strait kowhai\"?','B'),(349,3,149,'multiple_choice','What is the Latin name of \"North Island kowhai\"?','C'),(350,3,150,'multiple_choice','What is the Latin name of \"New Zealand lilac\"?','D'),(351,4,151,'multiple_choice','What is the Latin name of \"kauri\"?','A'),(352,4,152,'multiple_choice','What is the Latin name of \"oioi\"?','B'),(353,4,153,'multiple_choice','What is the Latin name of \"Japanese camellia\"?','C'),(354,4,154,'multiple_choice','What is the Latin name of \"autumn camellia\"?','D'),(355,4,155,'multiple_choice','What is the Latin name of \"pukio\"?','A'),(356,4,156,'multiple_choice','What is the Latin name of \"orange sedge\"?','B'),(357,4,157,'multiple_choice','What is the Latin name of \"marble leaf or putaputaweta\"?','C'),(358,4,158,'multiple_choice','What is the Latin name of \"Indian bean tree\"?','D'),(359,4,159,'multiple_choice','What is the Latin name of \"Mexican orange blossom\"?','A'),(360,4,160,'multiple_choice','What is the Latin name of \"puawhananga\"?','B'),(361,4,161,'multiple_choice','What is the Latin name of \"kakabeak\"?','C'),(362,4,162,'multiple_choice','What is the Latin name of \"mingimingi\"?','D'),(363,4,163,'multiple_choice','What is the Latin name of \"red coprosma\"?','A'),(364,4,164,'multiple_choice','What is the Latin name of \"smoke bush\"?','B'),(365,4,165,'multiple_choice','What is the Latin name of \"macrocarpa\"?','C'),(366,4,166,'multiple_choice','What is the Latin name of \"Italian cypress\"?','D'),(367,4,167,'multiple_choice','What is the Latin name of \"inaka or neinei\"?','C'),(368,4,168,'multiple_choice','What is the Latin name of \"shore spurge or waiuatua\"?','B'),(369,4,169,'multiple_choice','What is the Latin name of \"creeping fig\"?','D'),(370,4,170,'multiple_choice','What is the Latin name of \"creeping fuchsia\"?','A'),(371,4,171,'multiple_choice','What is the Latin name of \"black beech\"?','B'),(372,4,172,'multiple_choice','What is the Latin name of \"lenten rose\"?','C'),(373,4,173,'multiple_choice','What is the Latin name of \"mophead hydrangea\"?','A'),(374,4,174,'multiple_choice','What is the Latin name of \"panicled hydrangea\"?','D'),(375,4,175,'multiple_choice','What is the Latin name of \"giant club rush\"?','B'),(376,4,176,'multiple_choice','What is the Latin name of \"rohutu or NZ myrtle\"?','C'),(377,4,177,'multiple_choice','What is the Latin name of \"hybrid lophomyrtus or NZ myrtle\"?','A'),(378,4,178,'multiple_choice','What is the Latin name of \"mahoe or whiteywood\"?','D'),(379,4,179,'multiple_choice','What is the Latin name of \"bush rice grass\"?','B'),(380,4,180,'multiple_choice','What is the Latin name of \"small leaved pohuehue\"?','A'),(381,4,181,'multiple_choice','What is the Latin name of \"cat mint\"?','D'),(382,4,182,'multiple_choice','What is the Latin name of \"Marlborough rock daisy\"?','C'),(383,4,183,'multiple_choice','What is the Latin name of \"Marlborough rock daisy\"?','B'),(384,4,184,'multiple_choice','What is the Latin name of \"miro\"?','A'),(385,4,185,'multiple_choice','What is the Latin name of \"mountain toatoa or celery pine\"?','D'),(386,4,186,'multiple_choice','What is the Latin name of \"tenakaha\"?','B'),(387,4,187,'multiple_choice','What is the Latin name of \"dwarf pittosporum\"?','C'),(388,4,188,'multiple_choice','What is the Latin name of \"mountain or Halls totara\"?','A'),(389,4,189,'multiple_choice','What is the Latin name of \"snow or mountain totara\"?','C'),(390,4,190,'multiple_choice','What is the Latin name of \"totara\"?','B'),(391,4,191,'multiple_choice','What is the Latin name of \"matai\"?','D'),(392,4,192,'multiple_choice','What is the Latin name of \"houpara\"?','B'),(393,4,193,'multiple_choice','What is the Latin name of \"horopito or pepper tree\"?','A'),(394,4,194,'multiple_choice','What is the Latin name of \"red oak\"?','C'),(395,4,195,'multiple_choice','What is the Latin name of \"bush lawyer\"?','B'),(396,4,196,'multiple_choice','What is the Latin name of \"stonecrop\"?','D'),(397,4,197,'multiple_choice','What is the Latin name of \"rowan\"?','A'),(398,4,198,'multiple_choice','What is the Latin name of \"raupo or bullrush\"?','C'),(399,4,199,'multiple_choice','What is the Latin name of \"prostrate hebe\"?','B'),(400,4,200,'multiple_choice','What is the Latin name of \"Chinese wisteria\"?','A');
/*!40000 ALTER TABLE `questions` ENABLE KEYS */;
UNLOCK TABLES;

--
-- Table structure for table `quizzes`
--

DROP TABLE IF EXISTS `quizzes`;
/*!40101 SET @saved_cs_client     = @@character_set_client */;
/*!50503 SET character_set_client = utf8mb4 */;
CREATE TABLE `quizzes` (
  `QuizID` int NOT NULL AUTO_INCREMENT,
  `QuizName` varchar(255) NOT NULL,
  `SemesterID` int DEFAULT NULL,
  `QuizImageURL` varchar(255) DEFAULT NULL,
  `CreatedAt` timestamp NULL DEFAULT CURRENT_TIMESTAMP,
  PRIMARY KEY (`QuizID`),
  KEY `SemesterID` (`SemesterID`),
  CONSTRAINT `quizzes_ibfk_1` FOREIGN KEY (`SemesterID`) REFERENCES `semesters_info` (`semester_id`)
) ENGINE=InnoDB AUTO_INCREMENT=5 DEFAULT CHARSET=utf8mb4 COLLATE=utf8mb4_0900_ai_ci;
/*!40101 SET character_set_client = @saved_cs_client */;

--
-- Dumping data for table `quizzes`
--

LOCK TABLES `quizzes` WRITE;
/*!40000 ALTER TABLE `quizzes` DISABLE KEYS */;
INSERT INTO `quizzes` VALUES (1,'LASC206 Plant Quiz 1',1,'images/quizpics/Quiz 1.png','2024-04-14 10:59:45'),(2,'LASC206 Plant Quiz 2',2,'images/quizpics/Quiz 2.png','2024-04-14 10:59:45'),(3,'LASC211 Plant Quiz 1',3,'images/quizpics/Quiz 3.png','2024-04-14 10:59:45'),(4,'LASC211 Plant Quiz 2',4,'images/quizpics/Quiz 4.png','2024-04-14 10:59:45');
/*!40000 ALTER TABLE `quizzes` ENABLE KEYS */;
UNLOCK TABLES;

--
-- Table structure for table `semesters_info`
--

DROP TABLE IF EXISTS `semesters_info`;
/*!40101 SET @saved_cs_client     = @@character_set_client */;
/*!50503 SET character_set_client = utf8mb4 */;
CREATE TABLE `semesters_info` (
  `semester_id` int NOT NULL AUTO_INCREMENT,
  `semester_name` varchar(255) NOT NULL,
  PRIMARY KEY (`semester_id`)
) ENGINE=InnoDB AUTO_INCREMENT=5 DEFAULT CHARSET=utf8mb4 COLLATE=utf8mb4_0900_ai_ci;
/*!40101 SET character_set_client = @saved_cs_client */;

--
-- Dumping data for table `semesters_info`
--

LOCK TABLES `semesters_info` WRITE;
/*!40000 ALTER TABLE `semesters_info` DISABLE KEYS */;
INSERT INTO `semesters_info` VALUES (1,'LASC 206_S2'),(2,'LASC 206_S2'),(3,'LASC 211_S1'),(4,'LASC 211_S1');
/*!40000 ALTER TABLE `semesters_info` ENABLE KEYS */;
UNLOCK TABLES;

--
-- Table structure for table `studentquizanswers`
--

DROP TABLE IF EXISTS `studentquizanswers`;
/*!40101 SET @saved_cs_client     = @@character_set_client */;
/*!50503 SET character_set_client = utf8mb4 */;
CREATE TABLE `studentquizanswers` (
  `AnswerID` int NOT NULL AUTO_INCREMENT,
  `ProgressID` int NOT NULL,
  `QuestionID` int NOT NULL,
  `SelectedOptionID` int DEFAULT NULL,
  `IsCorrect` tinyint(1) DEFAULT '0',
  PRIMARY KEY (`AnswerID`),
  KEY `ProgressID` (`ProgressID`),
  KEY `QuestionID` (`QuestionID`),
  KEY `SelectedOptionID` (`SelectedOptionID`),
  CONSTRAINT `studentquizanswers_ibfk_1` FOREIGN KEY (`ProgressID`) REFERENCES `studentquizprogress` (`ProgressID`) ON DELETE CASCADE,
  CONSTRAINT `studentquizanswers_ibfk_2` FOREIGN KEY (`QuestionID`) REFERENCES `questions` (`QuestionID`) ON DELETE CASCADE,
  CONSTRAINT `studentquizanswers_ibfk_3` FOREIGN KEY (`SelectedOptionID`) REFERENCES `questionoptions` (`OptionID`) ON DELETE SET NULL
) ENGINE=InnoDB DEFAULT CHARSET=utf8mb4 COLLATE=utf8mb4_0900_ai_ci;
/*!40101 SET character_set_client = @saved_cs_client */;

--
-- Dumping data for table `studentquizanswers`
--

LOCK TABLES `studentquizanswers` WRITE;
/*!40000 ALTER TABLE `studentquizanswers` DISABLE KEYS */;
/*!40000 ALTER TABLE `studentquizanswers` ENABLE KEYS */;
UNLOCK TABLES;

--
-- Table structure for table `studentquizprogress`
--

DROP TABLE IF EXISTS `studentquizprogress`;
/*!40101 SET @saved_cs_client     = @@character_set_client */;
/*!50503 SET character_set_client = utf8mb4 */;
CREATE TABLE `studentquizprogress` (
  `ProgressID` int NOT NULL AUTO_INCREMENT,
  `StudentID` int NOT NULL,
  `QuizID` int NOT NULL,
  `StartTimestamp` timestamp NULL DEFAULT CURRENT_TIMESTAMP,
  `EndTimestamp` timestamp NULL DEFAULT NULL,
  `Score` decimal(5,2) DEFAULT NULL,
  PRIMARY KEY (`ProgressID`),
  KEY `StudentID` (`StudentID`),
  KEY `QuizID` (`QuizID`),
  CONSTRAINT `studentquizprogress_ibfk_1` FOREIGN KEY (`StudentID`) REFERENCES `students` (`StudentID`) ON DELETE CASCADE,
  CONSTRAINT `studentquizprogress_ibfk_2` FOREIGN KEY (`QuizID`) REFERENCES `quizzes` (`QuizID`) ON DELETE CASCADE
) ENGINE=InnoDB DEFAULT CHARSET=utf8mb4 COLLATE=utf8mb4_0900_ai_ci;
/*!40101 SET character_set_client = @saved_cs_client */;

--
-- Dumping data for table `studentquizprogress`
--

LOCK TABLES `studentquizprogress` WRITE;
/*!40000 ALTER TABLE `studentquizprogress` DISABLE KEYS */;
/*!40000 ALTER TABLE `studentquizprogress` ENABLE KEYS */;
UNLOCK TABLES;

--
-- Table structure for table `students`
--

DROP TABLE IF EXISTS `students`;
/*!40101 SET @saved_cs_client     = @@character_set_client */;
/*!50503 SET character_set_client = utf8mb4 */;
CREATE TABLE `students` (
  `StudentID` int NOT NULL,
  `UserID` int DEFAULT NULL,
  `EnrollmentYear` year DEFAULT NULL,
  PRIMARY KEY (`StudentID`),
  KEY `UserID` (`UserID`),
  CONSTRAINT `students_ibfk_1` FOREIGN KEY (`UserID`) REFERENCES `users` (`UserID`) ON DELETE CASCADE
) ENGINE=InnoDB DEFAULT CHARSET=utf8mb4 COLLATE=utf8mb4_0900_ai_ci;
/*!40101 SET character_set_client = @saved_cs_client */;

--
-- Dumping data for table `students`
--

LOCK TABLES `students` WRITE;
/*!40000 ALTER TABLE `students` DISABLE KEYS */;
INSERT INTO `students` VALUES (1001,1,2024),(1002,2,2024),(1003,3,2024);
/*!40000 ALTER TABLE `students` ENABLE KEYS */;
UNLOCK TABLES;

--
-- Table structure for table `teachers`
--

DROP TABLE IF EXISTS `teachers`;
/*!40101 SET @saved_cs_client     = @@character_set_client */;
/*!50503 SET character_set_client = utf8mb4 */;
CREATE TABLE `teachers` (
  `TeacherID` int NOT NULL,
  `UserID` int DEFAULT NULL,
  `Title` varchar(255) DEFAULT NULL,
  PRIMARY KEY (`TeacherID`),
  KEY `UserID` (`UserID`),
  CONSTRAINT `teachers_ibfk_1` FOREIGN KEY (`UserID`) REFERENCES `users` (`UserID`) ON DELETE CASCADE
) ENGINE=InnoDB DEFAULT CHARSET=utf8mb4 COLLATE=utf8mb4_0900_ai_ci;
/*!40101 SET character_set_client = @saved_cs_client */;

--
-- Dumping data for table `teachers`
--

LOCK TABLES `teachers` WRITE;
/*!40000 ALTER TABLE `teachers` DISABLE KEYS */;
INSERT INTO `teachers` VALUES (2001,4,'teacher'),(2002,5,'tutor'),(2003,6,'tutor');
/*!40000 ALTER TABLE `teachers` ENABLE KEYS */;
UNLOCK TABLES;

--
-- Table structure for table `users`
--

DROP TABLE IF EXISTS `users`;
/*!40101 SET @saved_cs_client     = @@character_set_client */;
/*!50503 SET character_set_client = utf8mb4 */;
CREATE TABLE `users` (
  `UserID` int NOT NULL AUTO_INCREMENT,
  `Username` varchar(255) NOT NULL,
  `Password` varchar(255) NOT NULL,
  `Email` varchar(255) NOT NULL,
  `UserType` varchar(255) NOT NULL,
  PRIMARY KEY (`UserID`)
) ENGINE=InnoDB AUTO_INCREMENT=7 DEFAULT CHARSET=utf8mb4 COLLATE=utf8mb4_0900_ai_ci;
/*!40101 SET character_set_client = @saved_cs_client */;

--
-- Dumping data for table `users`
--

LOCK TABLES `users` WRITE;
/*!40000 ALTER TABLE `users` DISABLE KEYS */;
INSERT INTO `users` VALUES (1,'StudentOne','pbkdf2:sha256:600000$fXplj3s7f4N1SvIg$5ba7b42dadcbbd233ab26a82c09dd88cfee6baab4d64114d90d549bc06ed504c','student1@example.com','student'),(2,'StudentTwo','pbkdf2:sha256:600000$EMLsI1GVv0i4nlAK$a2060c800ba45c0ff600d671cfdbf2fd7f744e6c561a3326f703829623034671','student2@example.com','student'),(3,'StudentThree','pbkdf2:sha256:600000$ru1JJkFjOiVKDMai$fabfb6cb4d086e2fd64338e131ac8708051af41a2aa701d7f24296fd173cfbab','student3@example.com','student'),(4,'TeacherOne','pbkdf2:sha256:600000$mbyK21VDb8CnFwg6$f8dac53b33e0c2e1b09bc0a43a2c321764062f91da107b933c41641f971b4dba','teacher1@example.com','teacher'),(5,'TeacherTwo','pbkdf2:sha256:600000$yIyAIhRN0Yrgnu4d$3ef7dead99fd62afddf7b8349b8d46343e17f2457fe3a4ed58ae324b12d0efb2','teacher2@example.com','teacher'),(6,'TeacherThree','pbkdf2:sha256:600000$FjaV1I5J7pKVIqUb$3309223ca7a9cd6fafc83a55411a571888704b13ea69150490aa47cdb8206051','teacher3@example.com','teacher');
/*!40000 ALTER TABLE `users` ENABLE KEYS */;
UNLOCK TABLES;
/*!40103 SET TIME_ZONE=@OLD_TIME_ZONE */;

/*!40101 SET SQL_MODE=@OLD_SQL_MODE */;
/*!40014 SET FOREIGN_KEY_CHECKS=@OLD_FOREIGN_KEY_CHECKS */;
/*!40014 SET UNIQUE_CHECKS=@OLD_UNIQUE_CHECKS */;
/*!40101 SET CHARACTER_SET_CLIENT=@OLD_CHARACTER_SET_CLIENT */;
/*!40101 SET CHARACTER_SET_RESULTS=@OLD_CHARACTER_SET_RESULTS */;
/*!40101 SET COLLATION_CONNECTION=@OLD_COLLATION_CONNECTION */;
/*!40111 SET SQL_NOTES=@OLD_SQL_NOTES */;

-- Dump completed on 2024-04-14 23:03:05
